[{"model": "admin.logentry", "pk": 1, "fields": {"action_time": "2024-03-19T23:10:08.815Z", "user": 11, "content_type": 25, "object_id": "1", "object_repr": "ProductImage object (1)", "action_flag": 1, "change_message": "[{\"added\": {}}]"}}, {"model": "admin.logentry", "pk": 2, "fields": {"action_time": "2024-03-19T23:10:21.890Z", "user": 11, "content_type": 25, "object_id": "2", "object_repr": "ProductImage object (2)", "action_flag": 1, "change_message": "[{\"added\": {}}]"}}, {"model": "admin.logentry", "pk": 3, "fields": {"action_time": "2024-03-20T18:36:00.836Z", "user": 11, "content_type": 25, "object_id": "3", "object_repr": "ProductImage object (3)", "action_flag": 1, "change_message": "[{\"added\": {}}]"}}, {"model": "admin.logentry", "pk": 4, "fields": {"action_time": "2024-03-20T18:37:21.010Z", "user": 11, "content_type": 25, "object_id": "4", "object_repr": "ProductImage object (4)", "action_flag": 1, "change_message": "[{\"added\": {}}]"}}, {"model": "admin.logentry", "pk": 5, "fields": {"action_time": "2024-03-20T18:41:41.618Z", "user": 11, "content_type": 25, "object_id": "5", "object_repr": "ProductImage object (5)", "action_flag": 1, "change_message": "[{\"added\": {}}]"}}, {"model": "admin.logentry", "pk": 6, "fields": {"action_time": "2024-03-20T18:41:55.844Z", "user": 11, "content_type": 25, "object_id": "6", "object_repr": "ProductImage object (6)", "action_flag": 1, "change_message": "[{\"added\": {}}]"}}, {"model": "admin.logentry", "pk": 7, "fields": {"action_time": "2024-03-20T18:42:53.952Z", "user": 11, "content_type": 25, "object_id": "7", "object_repr": "ProductImage object (7)", "action_flag": 1, "change_message": "[{\"added\": {}}]"}}, {"model": "admin.logentry", "pk": 8, "fields": {"action_time": "2024-03-20T18:49:07.528Z", "user": 11, "content_type": 27, "object_id": "1", "object_repr": "ProductPartnerImage object (1)", "action_flag": 1, "change_message": "[{\"added\": {}}]"}}, {"model": "admin.logentry", "pk": 9, "fields": {"action_time": "2024-03-20T18:49:23.934Z", "user": 11, "content_type": 27, "object_id": "2", "object_repr": "ProductPartnerImage object (2)", "action_flag": 1, "change_message": "[{\"added\": {}}]"}}, {"model": "admin.logentry", "pk": 10, "fields": {"action_time": "2024-03-20T18:49:36.597Z", "user": 11, "content_type": 27, "object_id": "3", "object_repr": "ProductPartnerImage object (3)", "action_flag": 1, "change_message": "[{\"added\": {}}]"}}, {"model": "admin.logentry", "pk": 11, "fields": {"action_time": "2024-03-20T18:49:54.132Z", "user": 11, "content_type": 27, "object_id": "4", "object_repr": "ProductPartnerImage object (4)", "action_flag": 1, "change_message": "[{\"added\": {}}]"}}, {"model": "admin.logentry", "pk": 12, "fields": {"action_time": "2024-03-24T19:56:39.613Z", "user": 11, "content_type": 11, "object_id": "34", "object_repr": "Дермалайт эффект", "action_flag": 3, "change_message": ""}}, {"model": "admin.logentry", "pk": 13, "fields": {"action_time": "2024-03-24T19:56:39.626Z", "user": 11, "content_type": 11, "object_id": "33", "object_repr": "Активное восстановление", "action_flag": 3, "change_message": ""}}, {"model": "admin.logentry", "pk": 14, "fields": {"action_time": "2024-03-24T19:56:39.637Z", "user": 11, "content_type": 11, "object_id": "32", "object_repr": "Эпидермальный оживление", "action_flag": 3, "change_message": ""}}, {"model": "admin.logentry", "pk": 15, "fields": {"action_time": "2024-03-24T19:56:39.647Z", "user": 11, "content_type": 11, "object_id": "31", "object_repr": "Гидратация ProBio", "action_flag": 3, "change_message": ""}}, {"model": "admin.logentry", "pk": 16, "fields": {"action_time": "2024-03-24T19:56:39.657Z", "user": 11, "content_type": 11, "object_id": "30", "object_repr": "Барьерный щит", "action_flag": 3, "change_message": ""}}, {"model": "admin.logentry", "pk": 17, "fields": {"action_time": "2024-03-24T19:56:39.666Z", "user": 11, "content_type": 11, "object_id": "29", "object_repr": "Экологичное увлажнение", "action_flag": 3, "change_message": ""}}, {"model": "admin.logentry", "pk": 18, "fields": {"action_time": "2024-03-24T19:56:57.079Z", "user": 11, "content_type": 11, "object_id": "35", "object_repr": "Создание полимерной системы для повышенной доступности компонентов в эпидермис.", "action_flag": 1, "change_message": "[{\"added\": {}}]"}}, {"model": "admin.logentry", "pk": 19, "fields": {"action_time": "2024-03-24T19:57:17.081Z", "user": 11, "content_type": 11, "object_id": "36", "object_repr": "Контролируемое высвобождение компонентов из матрицы биополимеров (гиалуроновая кислота+ксантановая к", "action_flag": 1, "change_message": "[{\"added\": {}}]"}}, {"model": "admin.logentry", "pk": 20, "fields": {"action_time": "2024-03-24T19:57:34.122Z", "user": 11, "content_type": 11, "object_id": "37", "object_repr": "Пролонгируемый эффект за счет пленкообразователей.", "action_flag": 1, "change_message": "[{\"added\": {}}]"}}, {"model": "admin.logentry", "pk": 21, "fields": {"action_time": "2024-03-24T19:57:48.622Z", "user": 11, "content_type": 11, "object_id": "38", "object_repr": "Основной эмульгатор формирует на границе раздела фаз α-гелевые структуры, стабильные в широком диапа", "action_flag": 1, "change_message": "[{\"added\": {}}]"}}, {"model": "admin.logentry", "pk": 22, "fields": {"action_time": "2024-03-24T19:59:23.793Z", "user": 11, "content_type": 11, "object_id": "39", "object_repr": "Отсутствие в составе силиконов, отдушек, микропластика.", "action_flag": 1, "change_message": "[{\"added\": {}}]"}}, {"model": "admin.logentry", "pk": 23, "fields": {"action_time": "2024-03-24T19:59:35.301Z", "user": 11, "content_type": 11, "object_id": "40", "object_repr": "Мягкая система консервантов.", "action_flag": 1, "change_message": "[{\"added\": {}}]"}}, {"model": "admin.logentry", "pk": 24, "fields": {"action_time": "2024-03-24T19:59:50.286Z", "user": 11, "content_type": 11, "object_id": "41", "object_repr": "Комфортные органолептические свойства (питательный крем без жирных пятен и следов, легко разносится", "action_flag": 1, "change_message": "[{\"added\": {}}]"}}, {"model": "admin.logentry", "pk": 25, "fields": {"action_time": "2024-03-24T20:00:04.315Z", "user": 11, "content_type": 11, "object_id": "42", "object_repr": "Полный спектр физико-химических исследований.", "action_flag": 1, "change_message": "[{\"added\": {}}]"}}, {"model": "admin.logentry", "pk": 26, "fields": {"action_time": "2024-03-24T20:00:15.422Z", "user": 11, "content_type": 11, "object_id": "43", "object_repr": "Клиническая апробация в условиях стационара под контролем врачей-дерматологов.", "action_flag": 1, "change_message": "[{\"added\": {}}]"}}, {"model": "admin.logentry", "pk": 27, "fields": {"action_time": "2024-03-24T20:06:05.343Z", "user": 11, "content_type": 13, "object_id": "12", "object_repr": "Dr.Sechenov", "action_flag": 2, "change_message": "[{\"changed\": {\"fields\": [\"\\u041e\\u043f\\u0438\\u0441\\u0430\\u043d\\u0438\\u0435\"]}}]"}}, {"model": "admin.logentry", "pk": 28, "fields": {"action_time": "2024-03-24T20:07:31.173Z", "user": 11, "content_type": 11, "object_id": "44", "object_repr": "Высокая концентрация низкомолекулярной гиалуроновой кислоты", "action_flag": 1, "change_message": "[{\"added\": {}}]"}}, {"model": "admin.logentry", "pk": 29, "fields": {"action_time": "2024-03-24T20:08:01.122Z", "user": 11, "content_type": 11, "object_id": "45", "object_repr": "Активные компоненты с доказанной эффективностью.", "action_flag": 1, "change_message": "[{\"added\": {}}]"}}, {"model": "admin.logentry", "pk": 30, "fields": {"action_time": "2024-03-24T20:08:09.883Z", "user": 11, "content_type": 11, "object_id": "46", "object_repr": "Зеленые увлажнители", "action_flag": 1, "change_message": "[{\"added\": {}}]"}}, {"model": "admin.logentry", "pk": 31, "fields": {"action_time": "2024-03-24T20:09:27.399Z", "user": 11, "content_type": 10, "object_id": "15", "object_repr": "1", "action_flag": 1, "change_message": "[{\"added\": {}}]"}}, {"model": "admin.logentry", "pk": 32, "fields": {"action_time": "2024-03-24T20:09:35.548Z", "user": 11, "content_type": 18, "object_id": "12", "object_repr": "ПЕНКА глубокое очищение", "action_flag": 2, "change_message": "[{\"changed\": {\"fields\": [\"\\u041e\\u043f\\u0438\\u0441\\u0430\\u043d\\u0438\\u0435\", \"\\u041d\\u0430\\u0437\\u043d\\u0430\\u0447\\u0435\\u043d\\u0438\\u0435\", \"\\u0410\\u043a\\u0442\\u0438\\u0432\\u043d\\u044b\\u0435 \\u0432\\u0435\\u0449\\u0435\\u0441\\u0442\\u0432\\u0430\", \"\\u041f\\u0440\\u0435\\u0438\\u043c\\u0443\\u0449\\u0435\\u0441\\u0442\\u0432\\u0430\", \"\\u0422\\u0435\\u0433\\u0438\"]}}]"}}, {"model": "admin.logentry", "pk": 33, "fields": {"action_time": "2024-03-24T20:10:18.019Z", "user": 11, "content_type": 18, "object_id": "11", "object_repr": "Крем эмолент для сухой и очень сухой кожи.", "action_flag": 2, "change_message": "[{\"changed\": {\"fields\": [\"\\u041e\\u043f\\u0438\\u0441\\u0430\\u043d\\u0438\\u0435\", \"\\u041f\\u0440\\u0435\\u0438\\u043c\\u0443\\u0449\\u0435\\u0441\\u0442\\u0432\\u0430\", \"\\u0422\\u0435\\u0433\\u0438\"]}}]"}}, {"model": "admin.logentry", "pk": 34, "fields": {"action_time": "2024-03-24T20:28:11.609Z", "user": 11, "content_type": 23, "object_id": "1", "object_repr": "Бисаболол - product_active_substances_images/Bisabolol.png", "action_flag": 1, "change_message": "[{\"added\": {}}]"}}, {"model": "admin.logentry", "pk": 35, "fields": {"action_time": "2024-03-24T20:28:24.728Z", "user": 11, "content_type": 23, "object_id": "2", "object_repr": "Масла виноградной косточки, рисовых отрубей, сладкого миндаля, ши и манго - product_active_substances_images/Natural_oil.png", "action_flag": 1, "change_message": "[{\"added\": {}}]"}}, {"model": "admin.logentry", "pk": 36, "fields": {"action_time": "2024-03-24T20:28:32.324Z", "user": 11, "content_type": 23, "object_id": "3", "object_repr": "Церамиды - product_active_substances_images/Ceramide.png", "action_flag": 1, "change_message": "[{\"added\": {}}]"}}, {"model": "admin.logentry", "pk": 37, "fields": {"action_time": "2024-03-24T20:28:44.317Z", "user": 11, "content_type": 23, "object_id": "4", "object_repr": "Гидроксиэтилмочевина, гель алоэ вера, пантенол, аргинин, витамин Е, гиалуроновая кислота и ксантановая камедь - product_active_substances_images/Gidro.png", "action_flag": 1, "change_message": "[{\"added\": {}}]"}}, {"model": "admin.logentry", "pk": 38, "fields": {"action_time": "2024-03-24T20:30:14.112Z", "user": 11, "content_type": 24, "object_id": "1", "object_repr": "Создание полимерной системы для повышенной доступности компонентов в эпидермис. - product_advantages_images/Epidermo.png", "action_flag": 1, "change_message": "[{\"added\": {}}]"}}, {"model": "admin.logentry", "pk": 39, "fields": {"action_time": "2024-03-24T20:33:03.478Z", "user": 11, "content_type": 24, "object_id": "2", "object_repr": "Клиническая апробация в условиях стационара под контролем врачей-дерматологов. - product_advantages_images/Protection.png", "action_flag": 1, "change_message": "[{\"added\": {}}]"}}, {"model": "admin.logentry", "pk": 40, "fields": {"action_time": "2024-03-24T20:33:19.336Z", "user": 11, "content_type": 24, "object_id": "3", "object_repr": "Отсутствие в составе силиконов, отдушек, микропластика. - product_advantages_images/Gidrodacion.png", "action_flag": 1, "change_message": "[{\"added\": {}}]"}}, {"model": "auth.permission", "pk": 1, "fields": {"name": "Can add log entry", "content_type": 1, "codename": "add_logentry"}}, {"model": "auth.permission", "pk": 2, "fields": {"name": "Can change log entry", "content_type": 1, "codename": "change_logentry"}}, {"model": "auth.permission", "pk": 3, "fields": {"name": "Can delete log entry", "content_type": 1, "codename": "delete_logentry"}}, {"model": "auth.permission", "pk": 4, "fields": {"name": "Can view log entry", "content_type": 1, "codename": "view_logentry"}}, {"model": "auth.permission", "pk": 5, "fields": {"name": "Can add permission", "content_type": 2, "codename": "add_permission"}}, {"model": "auth.permission", "pk": 6, "fields": {"name": "Can change permission", "content_type": 2, "codename": "change_permission"}}, {"model": "auth.permission", "pk": 7, "fields": {"name": "Can delete permission", "content_type": 2, "codename": "delete_permission"}}, {"model": "auth.permission", "pk": 8, "fields": {"name": "Can view permission", "content_type": 2, "codename": "view_permission"}}, {"model": "auth.permission", "pk": 9, "fields": {"name": "Can add group", "content_type": 3, "codename": "add_group"}}, {"model": "auth.permission", "pk": 10, "fields": {"name": "Can change group", "content_type": 3, "codename": "change_group"}}, {"model": "auth.permission", "pk": 11, "fields": {"name": "Can delete group", "content_type": 3, "codename": "delete_group"}}, {"model": "auth.permission", "pk": 12, "fields": {"name": "Can view group", "content_type": 3, "codename": "view_group"}}, {"model": "auth.permission", "pk": 13, "fields": {"name": "Can add content type", "content_type": 4, "codename": "add_contenttype"}}, {"model": "auth.permission", "pk": 14, "fields": {"name": "Can change content type", "content_type": 4, "codename": "change_contenttype"}}, {"model": "auth.permission", "pk": 15, "fields": {"name": "Can delete content type", "content_type": 4, "codename": "delete_contenttype"}}, {"model": "auth.permission", "pk": 16, "fields": {"name": "Can view content type", "content_type": 4, "codename": "view_contenttype"}}, {"model": "auth.permission", "pk": 17, "fields": {"name": "Can add session", "content_type": 5, "codename": "add_session"}}, {"model": "auth.permission", "pk": 18, "fields": {"name": "Can change session", "content_type": 5, "codename": "change_session"}}, {"model": "auth.permission", "pk": 19, "fields": {"name": "Can delete session", "content_type": 5, "codename": "delete_session"}}, {"model": "auth.permission", "pk": 20, "fields": {"name": "Can view session", "content_type": 5, "codename": "view_session"}}, {"model": "auth.permission", "pk": 21, "fields": {"name": "Can add custom user", "content_type": 6, "codename": "add_customuser"}}, {"model": "auth.permission", "pk": 22, "fields": {"name": "Can change custom user", "content_type": 6, "codename": "change_customuser"}}, {"model": "auth.permission", "pk": 23, "fields": {"name": "Can delete custom user", "content_type": 6, "codename": "delete_customuser"}}, {"model": "auth.permission", "pk": 24, "fields": {"name": "Can view custom user", "content_type": 6, "codename": "view_customuser"}}, {"model": "auth.permission", "pk": 25, "fields": {"name": "Can add base price", "content_type": 7, "codename": "add_baseprice"}}, {"model": "auth.permission", "pk": 26, "fields": {"name": "Can change base price", "content_type": 7, "codename": "change_baseprice"}}, {"model": "auth.permission", "pk": 27, "fields": {"name": "Can delete base price", "content_type": 7, "codename": "delete_baseprice"}}, {"model": "auth.permission", "pk": 28, "fields": {"name": "Can view base price", "content_type": 7, "codename": "view_baseprice"}}, {"model": "auth.permission", "pk": 29, "fields": {"name": "Can add feed back", "content_type": 8, "codename": "add_feedback"}}, {"model": "auth.permission", "pk": 30, "fields": {"name": "Can change feed back", "content_type": 8, "codename": "change_feedback"}}, {"model": "auth.permission", "pk": 31, "fields": {"name": "Can delete feed back", "content_type": 8, "codename": "delete_feedback"}}, {"model": "auth.permission", "pk": 32, "fields": {"name": "Can view feed back", "content_type": 8, "codename": "view_feedback"}}, {"model": "auth.permission", "pk": 33, "fields": {"name": "Can add pick up point", "content_type": 9, "codename": "add_pickuppoint"}}, {"model": "auth.permission", "pk": 34, "fields": {"name": "Can change pick up point", "content_type": 9, "codename": "change_pickuppoint"}}, {"model": "auth.permission", "pk": 35, "fields": {"name": "Can delete pick up point", "content_type": 9, "codename": "delete_pickuppoint"}}, {"model": "auth.permission", "pk": 36, "fields": {"name": "Can view pick up point", "content_type": 9, "codename": "view_pickuppoint"}}, {"model": "auth.permission", "pk": 37, "fields": {"name": "Can add product active substance", "content_type": 10, "codename": "add_productactivesubstance"}}, {"model": "auth.permission", "pk": 38, "fields": {"name": "Can change product active substance", "content_type": 10, "codename": "change_productactivesubstance"}}, {"model": "auth.permission", "pk": 39, "fields": {"name": "Can delete product active substance", "content_type": 10, "codename": "delete_productactivesubstance"}}, {"model": "auth.permission", "pk": 40, "fields": {"name": "Can view product active substance", "content_type": 10, "codename": "view_productactivesubstance"}}, {"model": "auth.permission", "pk": 41, "fields": {"name": "Can add product advantage", "content_type": 11, "codename": "add_productadvantage"}}, {"model": "auth.permission", "pk": 42, "fields": {"name": "Can change product advantage", "content_type": 11, "codename": "change_productadvantage"}}, {"model": "auth.permission", "pk": 43, "fields": {"name": "Can delete product advantage", "content_type": 11, "codename": "delete_productadvantage"}}, {"model": "auth.permission", "pk": 44, "fields": {"name": "Can view product advantage", "content_type": 11, "codename": "view_productadvantage"}}, {"model": "auth.permission", "pk": 45, "fields": {"name": "Can add product clinical testing result", "content_type": 12, "codename": "add_productclinicaltestingresult"}}, {"model": "auth.permission", "pk": 46, "fields": {"name": "Can change product clinical testing result", "content_type": 12, "codename": "change_productclinicaltestingresult"}}, {"model": "auth.permission", "pk": 47, "fields": {"name": "Can delete product clinical testing result", "content_type": 12, "codename": "delete_productclinicaltestingresult"}}, {"model": "auth.permission", "pk": 48, "fields": {"name": "Can view product clinical testing result", "content_type": 12, "codename": "view_productclinicaltestingresult"}}, {"model": "auth.permission", "pk": 49, "fields": {"name": "Can add product line", "content_type": 13, "codename": "add_productline"}}, {"model": "auth.permission", "pk": 50, "fields": {"name": "Can change product line", "content_type": 13, "codename": "change_productline"}}, {"model": "auth.permission", "pk": 51, "fields": {"name": "Can delete product line", "content_type": 13, "codename": "delete_productline"}}, {"model": "auth.permission", "pk": 52, "fields": {"name": "Can view product line", "content_type": 13, "codename": "view_productline"}}, {"model": "auth.permission", "pk": 53, "fields": {"name": "Can add product tag", "content_type": 14, "codename": "add_producttag"}}, {"model": "auth.permission", "pk": 54, "fields": {"name": "Can change product tag", "content_type": 14, "codename": "change_producttag"}}, {"model": "auth.permission", "pk": 55, "fields": {"name": "Can delete product tag", "content_type": 14, "codename": "delete_producttag"}}, {"model": "auth.permission", "pk": 56, "fields": {"name": "Can view product tag", "content_type": 14, "codename": "view_producttag"}}, {"model": "auth.permission", "pk": 57, "fields": {"name": "Can add discount price", "content_type": 15, "codename": "add_discountprice"}}, {"model": "auth.permission", "pk": 58, "fields": {"name": "Can change discount price", "content_type": 15, "codename": "change_discountprice"}}, {"model": "auth.permission", "pk": 59, "fields": {"name": "Can delete discount price", "content_type": 15, "codename": "delete_discountprice"}}, {"model": "auth.permission", "pk": 60, "fields": {"name": "Can view discount price", "content_type": 15, "codename": "view_discountprice"}}, {"model": "auth.permission", "pk": 61, "fields": {"name": "Can add base price history", "content_type": 16, "codename": "add_basepricehistory"}}, {"model": "auth.permission", "pk": 62, "fields": {"name": "Can change base price history", "content_type": 16, "codename": "change_basepricehistory"}}, {"model": "auth.permission", "pk": 63, "fields": {"name": "Can delete base price history", "content_type": 16, "codename": "delete_basepricehistory"}}, {"model": "auth.permission", "pk": 64, "fields": {"name": "Can view base price history", "content_type": 16, "codename": "view_basepricehistory"}}, {"model": "auth.permission", "pk": 65, "fields": {"name": "Can add order", "content_type": 17, "codename": "add_order"}}, {"model": "auth.permission", "pk": 66, "fields": {"name": "Can change order", "content_type": 17, "codename": "change_order"}}, {"model": "auth.permission", "pk": 67, "fields": {"name": "Can delete order", "content_type": 17, "codename": "delete_order"}}, {"model": "auth.permission", "pk": 68, "fields": {"name": "Can view order", "content_type": 17, "codename": "view_order"}}, {"model": "auth.permission", "pk": 69, "fields": {"name": "Can add product", "content_type": 18, "codename": "add_product"}}, {"model": "auth.permission", "pk": 70, "fields": {"name": "Can change product", "content_type": 18, "codename": "change_product"}}, {"model": "auth.permission", "pk": 71, "fields": {"name": "Can delete product", "content_type": 18, "codename": "delete_product"}}, {"model": "auth.permission", "pk": 72, "fields": {"name": "Can view product", "content_type": 18, "codename": "view_product"}}, {"model": "auth.permission", "pk": 73, "fields": {"name": "Can add order item", "content_type": 19, "codename": "add_orderitem"}}, {"model": "auth.permission", "pk": 74, "fields": {"name": "Can change order item", "content_type": 19, "codename": "change_orderitem"}}, {"model": "auth.permission", "pk": 75, "fields": {"name": "Can delete order item", "content_type": 19, "codename": "delete_orderitem"}}, {"model": "auth.permission", "pk": 76, "fields": {"name": "Can view order item", "content_type": 19, "codename": "view_orderitem"}}, {"model": "auth.permission", "pk": 77, "fields": {"name": "Can add product clinical testing result image", "content_type": 20, "codename": "add_productclinicaltestingresultimage"}}, {"model": "auth.permission", "pk": 78, "fields": {"name": "Can change product clinical testing result image", "content_type": 20, "codename": "change_productclinicaltestingresultimage"}}, {"model": "auth.permission", "pk": 79, "fields": {"name": "Can delete product clinical testing result image", "content_type": 20, "codename": "delete_productclinicaltestingresultimage"}}, {"model": "auth.permission", "pk": 80, "fields": {"name": "Can view product clinical testing result image", "content_type": 20, "codename": "view_productclinicaltestingresultimage"}}, {"model": "auth.permission", "pk": 81, "fields": {"name": "Can add product partner", "content_type": 21, "codename": "add_productpartner"}}, {"model": "auth.permission", "pk": 82, "fields": {"name": "Can change product partner", "content_type": 21, "codename": "change_productpartner"}}, {"model": "auth.permission", "pk": 83, "fields": {"name": "Can delete product partner", "content_type": 21, "codename": "delete_productpartner"}}, {"model": "auth.permission", "pk": 84, "fields": {"name": "Can view product partner", "content_type": 21, "codename": "view_productpartner"}}, {"model": "auth.permission", "pk": 85, "fields": {"name": "Can add product market place link", "content_type": 22, "codename": "add_productmarketplacelink"}}, {"model": "auth.permission", "pk": 86, "fields": {"name": "Can change product market place link", "content_type": 22, "codename": "change_productmarketplacelink"}}, {"model": "auth.permission", "pk": 87, "fields": {"name": "Can delete product market place link", "content_type": 22, "codename": "delete_productmarketplacelink"}}, {"model": "auth.permission", "pk": 88, "fields": {"name": "Can view product market place link", "content_type": 22, "codename": "view_productmarketplacelink"}}, {"model": "auth.permission", "pk": 89, "fields": {"name": "Can add Изображение активного вещества", "content_type": 23, "codename": "add_productactivesubstanceimage"}}, {"model": "auth.permission", "pk": 90, "fields": {"name": "Can change Изображение активного вещества", "content_type": 23, "codename": "change_productactivesubstanceimage"}}, {"model": "auth.permission", "pk": 91, "fields": {"name": "Can delete Изображение активного вещества", "content_type": 23, "codename": "delete_productactivesubstanceimage"}}, {"model": "auth.permission", "pk": 92, "fields": {"name": "Can view Изображение активного вещества", "content_type": 23, "codename": "view_productactivesubstanceimage"}}, {"model": "auth.permission", "pk": 93, "fields": {"name": "Can add Изображение преимущества", "content_type": 24, "codename": "add_productadvantageimage"}}, {"model": "auth.permission", "pk": 94, "fields": {"name": "Can change Изображение преимущества", "content_type": 24, "codename": "change_productadvantageimage"}}, {"model": "auth.permission", "pk": 95, "fields": {"name": "Can delete Изображение преимущества", "content_type": 24, "codename": "delete_productadvantageimage"}}, {"model": "auth.permission", "pk": 96, "fields": {"name": "Can view Изображение преимущества", "content_type": 24, "codename": "view_productadvantageimage"}}, {"model": "auth.permission", "pk": 97, "fields": {"name": "Can add product image", "content_type": 25, "codename": "add_productimage"}}, {"model": "auth.permission", "pk": 98, "fields": {"name": "Can change product image", "content_type": 25, "codename": "change_productimage"}}, {"model": "auth.permission", "pk": 99, "fields": {"name": "Can delete product image", "content_type": 25, "codename": "delete_productimage"}}, {"model": "auth.permission", "pk": 100, "fields": {"name": "Can view product image", "content_type": 25, "codename": "view_productimage"}}, {"model": "auth.permission", "pk": 101, "fields": {"name": "Can add product line image", "content_type": 26, "codename": "add_productlineimage"}}, {"model": "auth.permission", "pk": 102, "fields": {"name": "Can change product line image", "content_type": 26, "codename": "change_productlineimage"}}, {"model": "auth.permission", "pk": 103, "fields": {"name": "Can delete product line image", "content_type": 26, "codename": "delete_productlineimage"}}, {"model": "auth.permission", "pk": 104, "fields": {"name": "Can view product line image", "content_type": 26, "codename": "view_productlineimage"}}, {"model": "auth.permission", "pk": 105, "fields": {"name": "Can add product partner image", "content_type": 27, "codename": "add_productpartnerimage"}}, {"model": "auth.permission", "pk": 106, "fields": {"name": "Can change product partner image", "content_type": 27, "codename": "change_productpartnerimage"}}, {"model": "auth.permission", "pk": 107, "fields": {"name": "Can delete product partner image", "content_type": 27, "codename": "delete_productpartnerimage"}}, {"model": "auth.permission", "pk": 108, "fields": {"name": "Can view product partner image", "content_type": 27, "codename": "view_productpartnerimage"}}, {"model": "auth.permission", "pk": 109, "fields": {"name": "Can add Код продукта", "content_type": 28, "codename": "add_productcode"}}, {"model": "auth.permission", "pk": 110, "fields": {"name": "Can change Код продукта", "content_type": 28, "codename": "change_productcode"}}, {"model": "auth.permission", "pk": 111, "fields": {"name": "Can delete Код продукта", "content_type": 28, "codename": "delete_productcode"}}, {"model": "auth.permission", "pk": 112, "fields": {"name": "Can view Код продукта", "content_type": 28, "codename": "view_productcode"}}, {"model": "contenttypes.contenttype", "pk": 1, "fields": {"app_label": "admin", "model": "logentry"}}, {"model": "contenttypes.contenttype", "pk": 2, "fields": {"app_label": "auth", "model": "permission"}}, {"model": "contenttypes.contenttype", "pk": 3, "fields": {"app_label": "auth", "model": "group"}}, {"model": "contenttypes.contenttype", "pk": 4, "fields": {"app_label": "contenttypes", "model": "contenttype"}}, {"model": "contenttypes.contenttype", "pk": 5, "fields": {"app_label": "sessions", "model": "session"}}, {"model": "contenttypes.contenttype", "pk": 6, "fields": {"app_label": "cosmetic_meow_api", "model": "customuser"}}, {"model": "contenttypes.contenttype", "pk": 7, "fields": {"app_label": "cosmetic_meow_api", "model": "baseprice"}}, {"model": "contenttypes.contenttype", "pk": 8, "fields": {"app_label": "cosmetic_meow_api", "model": "feedback"}}, {"model": "contenttypes.contenttype", "pk": 9, "fields": {"app_label": "cosmetic_meow_api", "model": "pickuppoint"}}, {"model": "contenttypes.contenttype", "pk": 10, "fields": {"app_label": "cosmetic_meow_api", "model": "productactivesubstance"}}, {"model": "contenttypes.contenttype", "pk": 11, "fields": {"app_label": "cosmetic_meow_api", "model": "productadvantage"}}, {"model": "contenttypes.contenttype", "pk": 12, "fields": {"app_label": "cosmetic_meow_api", "model": "productclinicaltestingresult"}}, {"model": "contenttypes.contenttype", "pk": 13, "fields": {"app_label": "cosmetic_meow_api", "model": "productline"}}, {"model": "contenttypes.contenttype", "pk": 14, "fields": {"app_label": "cosmetic_meow_api", "model": "producttag"}}, {"model": "contenttypes.contenttype", "pk": 15, "fields": {"app_label": "cosmetic_meow_api", "model": "discountprice"}}, {"model": "contenttypes.contenttype", "pk": 16, "fields": {"app_label": "cosmetic_meow_api", "model": "basepricehistory"}}, {"model": "contenttypes.contenttype", "pk": 17, "fields": {"app_label": "cosmetic_meow_api", "model": "order"}}, {"model": "contenttypes.contenttype", "pk": 18, "fields": {"app_label": "cosmetic_meow_api", "model": "product"}}, {"model": "contenttypes.contenttype", "pk": 19, "fields": {"app_label": "cosmetic_meow_api", "model": "orderitem"}}, {"model": "contenttypes.contenttype", "pk": 20, "fields": {"app_label": "cosmetic_meow_api", "model": "productclinicaltestingresultimage"}}, {"model": "contenttypes.contenttype", "pk": 21, "fields": {"app_label": "cosmetic_meow_api", "model": "productpartner"}}, {"model": "contenttypes.contenttype", "pk": 22, "fields": {"app_label": "cosmetic_meow_api", "model": "productmarketplacelink"}}, {"model": "contenttypes.contenttype", "pk": 23, "fields": {"app_label": "cosmetic_meow_api", "model": "productactivesubstanceimage"}}, {"model": "contenttypes.contenttype", "pk": 24, "fields": {"app_label": "cosmetic_meow_api", "model": "productadvantageimage"}}, {"model": "contenttypes.contenttype", "pk": 25, "fields": {"app_label": "cosmetic_meow_api", "model": "productimage"}}, {"model": "contenttypes.contenttype", "pk": 26, "fields": {"app_label": "cosmetic_meow_api", "model": "productlineimage"}}, {"model": "contenttypes.contenttype", "pk": 27, "fields": {"app_label": "cosmetic_meow_api", "model": "productpartnerimage"}}, {"model": "contenttypes.contenttype", "pk": 28, "fields": {"app_label": "cosmetic_meow_api", "model": "productcode"}}, {"model": "sessions.session", "pk": "0gme9qtodssf2ll45ac7f6k0nj95n66r", "fields": {"session_data": ".eJxVjEEOwiAQRe_C2hBAKODSfc9AZpipVA0kpV0Z765NutDtf-_9l0iwrSVtnZc0k7gIrcXpd0TID647oTvUW5O51XWZUe6KPGiXYyN-Xg_376BAL9_asleTgcCESinUg_XgnLLuHCh6jCZDDAYNZMqDdpgZNRrkSD7gFJ14fwAGijiK:1rmiVX:XoHPx4784ASmmyLwx53nbeyXQcSnjNFdGzU5ABx6_5M", "expire_date": "2024-04-02T23:04:35.781Z"}}, {"model": "sessions.session", "pk": "3cl2p220706bvzx4dylpejpbdoq16erl", "fields": {"session_data": ".eJxVjEEOwiAQRe_C2hBAKODSfc9AZpipVA0kpV0Z765NutDtf-_9l0iwrSVtnZc0k7gIrcXpd0TID647oTvUW5O51XWZUe6KPGiXYyN-Xg_376BAL9_asleTgcCESinUg_XgnLLuHCh6jCZDDAYNZMqDdpgZNRrkSD7gFJ14fwAGijiK:1rmiFK:8QleO_ZB7ft71wdbf_2tGdpxeX_RhyFGORvL8BmWwTw", "expire_date": "2024-04-02T22:47:50.901Z"}}, {"model": "sessions.session", "pk": "5odlth70y4a8kqrlqfzypx3yuup65xr6", "fields": {"session_data": ".eJxVjEEOwiAQRe_C2hBAKODSfc9AZpipVA0kpV0Z765NutDtf-_9l0iwrSVtnZc0k7gIrcXpd0TID647oTvUW5O51XWZUe6KPGiXYyN-Xg_376BAL9_asleTgcCESinUg_XgnLLuHCh6jCZDDAYNZMqDdpgZNRrkSD7gFJ14fwAGijiK:1rmiIa:N8l7ufvOqoBYz6HGtbNE00PR2MNdfpoOGwUO4KFFVCc", "expire_date": "2024-04-02T22:51:12.152Z"}}, {"model": "sessions.session", "pk": "5qbipdh61j9c3c66vmw74nr22oqzx5el", "fields": {"session_data": ".eJxVjEEOwiAQRe_C2hBAKODSfc9AZpipVA0kpV0Z765NutDtf-_9l0iwrSVtnZc0k7gIrcXpd0TID647oTvUW5O51XWZUe6KPGiXYyN-Xg_376BAL9_asleTgcCESinUg_XgnLLuHCh6jCZDDAYNZMqDdpgZNRrkSD7gFJ14fwAGijiK:1rmiJ0:ynVvsix3fLWsk_ExpZepnqMIF5k-S9thuQNqwYYNXz8", "expire_date": "2024-04-02T22:51:38.305Z"}}, {"model": "sessions.session", "pk": "642rqb9qde4tauqzgpnzfnr6yususs8x", "fields": {"session_data": ".eJxVjEEOwiAQRe_C2hBAKODSfc9AZpipVA0kpV0Z765NutDtf-_9l0iwrSVtnZc0k7gIrcXpd0TID647oTvUW5O51XWZUe6KPGiXYyN-Xg_376BAL9_asleTgcCESinUg_XgnLLuHCh6jCZDDAYNZMqDdpgZNRrkSD7gFJ14fwAGijiK:1rmiFr:5aiTooCV_kowBnmd3_QitbHZg454QPrvsGch8U-8qVE", "expire_date": "2024-04-02T22:48:23.586Z"}}, {"model": "sessions.session", "pk": "954i42yg0xo7eech09tpjx5qvlez5szm", "fields": {"session_data": ".eJxVjEEOwiAQRe_C2hBAKODSfc9AZpipVA0kpV0Z765NutDtf-_9l0iwrSVtnZc0k7gIrcXpd0TID647oTvUW5O51XWZUe6KPGiXYyN-Xg_376BAL9_asleTgcCESinUg_XgnLLuHCh6jCZDDAYNZMqDdpgZNRrkSD7gFJ14fwAGijiK:1rmiGw:XjlmlOkJlq1L4iKKvGRzoPXFYS1Rs90RCdQeGNli-ns", "expire_date": "2024-04-02T22:49:30.088Z"}}, {"model": "sessions.session", "pk": "bb6g43s8pmo39kyks2vflc755tjujqq1", "fields": {"session_data": ".eJxVjEEOwiAQRe_C2hBAKODSfc9AZpipVA0kpV0Z765NutDtf-_9l0iwrSVtnZc0k7gIrcXpd0TID647oTvUW5O51XWZUe6KPGiXYyN-Xg_376BAL9_asleTgcCESinUg_XgnLLuHCh6jCZDDAYNZMqDdpgZNRrkSD7gFJ14fwAGijiK:1rmiUG:YTER60YOG6NzBj3fIBshJGOV22XVRSQII8JR39cmlIs", "expire_date": "2024-04-02T23:03:16.974Z"}}, {"model": "sessions.session", "pk": "cpy27uwucst24zpz43mu6l2oofrr53i2", "fields": {"session_data": ".eJxVjEEOwiAQRe_C2hBAKODSfc9AZpipVA0kpV0Z765NutDtf-_9l0iwrSVtnZc0k7gIrcXpd0TID647oTvUW5O51XWZUe6KPGiXYyN-Xg_376BAL9_asleTgcCESinUg_XgnLLuHCh6jCZDDAYNZMqDdpgZNRrkSD7gFJ14fwAGijiK:1rmiFk:__rDoYgxaM-zi-VqP5ax7dPXTTtj-w2FC1tshFq2dRo", "expire_date": "2024-04-02T22:48:16.313Z"}}, {"model": "sessions.session", "pk": "ds85p7rn8hlz9cdgde420lakp6ewfsyu", "fields": {"session_data": ".eJxVjEEOwiAQRe_C2hBAKODSfc9AZpipVA0kpV0Z765NutDtf-_9l0iwrSVtnZc0k7gIrcXpd0TID647oTvUW5O51XWZUe6KPGiXYyN-Xg_376BAL9_asleTgcCESinUg_XgnLLuHCh6jCZDDAYNZMqDdpgZNRrkSD7gFJ14fwAGijiK:1rmiP4:eSuCcWWmQ0QvRWcz5R6uAIYEmIYjmcfvTzJ5Qbcvzu8", "expire_date": "2024-04-02T22:57:54.257Z"}}, {"model": "sessions.session", "pk": "dv199121iy6ntxuurdd8hmatej0nryda", "fields": {"session_data": ".eJxVjEEOwiAQRe_C2hBAKODSfc9AZpipVA0kpV0Z765NutDtf-_9l0iwrSVtnZc0k7gIrcXpd0TID647oTvUW5O51XWZUe6KPGiXYyN-Xg_376BAL9_asleTgcCESinUg_XgnLLuHCh6jCZDDAYNZMqDdpgZNRrkSD7gFJ14fwAGijiK:1rmiOb:BLV2oS45GwK_yF9w0z1wCTfdTGGvmb1Rdu6KgMESjjI", "expire_date": "2024-04-02T22:57:25.330Z"}}, {"model": "sessions.session", "pk": "irncx7jsm8alduegrs060t3cfc8bfe9m", "fields": {"session_data": ".eJxVjEEOwiAQRe_C2hBAKODSfc9AZpipVA0kpV0Z765NutDtf-_9l0iwrSVtnZc0k7gIrcXpd0TID647oTvUW5O51XWZUe6KPGiXYyN-Xg_376BAL9_asleTgcCESinUg_XgnLLuHCh6jCZDDAYNZMqDdpgZNRrkSD7gFJ14fwAGijiK:1rmiFe:C0p-P2wADgvm7ivlsc3y6MbNSnN7dmQIj_8Y812-jTE", "expire_date": "2024-04-02T22:48:10.109Z"}}, {"model": "sessions.session", "pk": "iudvskxv6kv9urytc2kgxczoiav3x71b", "fields": {"session_data": ".eJxVjEEOwiAQRe_C2hBAKODSfc9AZpipVA0kpV0Z765NutDtf-_9l0iwrSVtnZc0k7gIrcXpd0TID647oTvUW5O51XWZUe6KPGiXYyN-Xg_376BAL9_asleTgcCESinUg_XgnLLuHCh6jCZDDAYNZMqDdpgZNRrkSD7gFJ14fwAGijiK:1rmiE8:0SlZmBTKRmLorNnODLSR3ZEw3jQFSYoFfSdkOS9vaL0", "expire_date": "2024-04-02T22:46:36.819Z"}}, {"model": "sessions.session", "pk": "n5u9sc8y7phbkjp1kig46l3cse5iqgfl", "fields": {"session_data": ".eJxVjEEOwiAQRe_C2hBAKODSfc9AZpipVA0kpV0Z765NutDtf-_9l0iwrSVtnZc0k7gIrcXpd0TID647oTvUW5O51XWZUe6KPGiXYyN-Xg_376BAL9_asleTgcCESinUg_XgnLLuHCh6jCZDDAYNZMqDdpgZNRrkSD7gFJ14fwAGijiK:1rmiH0:7NddpKRat2Lkr2MGXWlouXjBc6zDlltzdG2CgtLY8uM", "expire_date": "2024-04-02T22:49:34.487Z"}}, {"model": "sessions.session", "pk": "q87qn1acejxal20na97gzngaele637ij", "fields": {"session_data": ".eJxVjEEOwiAQRe_C2hBAKODSfc9AZpipVA0kpV0Z765NutDtf-_9l0iwrSVtnZc0k7gIrcXpd0TID647oTvUW5O51XWZUe6KPGiXYyN-Xg_376BAL9_asleTgcCESinUg_XgnLLuHCh6jCZDDAYNZMqDdpgZNRrkSD7gFJ14fwAGijiK:1rmiGF:2tL40JSsmqCcclfkzgJJltgXxMBjxuGDZa6gc0wfg5c", "expire_date": "2024-04-02T22:48:47.657Z"}}, {"model": "sessions.session", "pk": "qat2r1eo6fv9s6ndhillmx6z12orglxn", "fields": {"session_data": ".eJxVjEEOwiAQRe_C2hBAKODSfc9AZpipVA0kpV0Z765NutDtf-_9l0iwrSVtnZc0k7gIrcXpd0TID647oTvUW5O51XWZUe6KPGiXYyN-Xg_376BAL9_asleTgcCESinUg_XgnLLuHCh6jCZDDAYNZMqDdpgZNRrkSD7gFJ14fwAGijiK:1rmiaQ:hMng6IPdZCL94WHegyClXTEsVJAcwu00qJ0ZhMH5szA", "expire_date": "2024-04-02T23:09:38.117Z"}}, {"model": "sessions.session", "pk": "r3c19zjjpsuxnpd0xuvd30fnz4wkxunm", "fields": {"session_data": ".eJxVjEEOwiAQRe_C2hBAKODSfc9AZpipVA0kpV0Z765NutDtf-_9l0iwrSVtnZc0k7gIrcXpd0TID647oTvUW5O51XWZUe6KPGiXYyN-Xg_376BAL9_asleTgcCESinUg_XgnLLuHCh6jCZDDAYNZMqDdpgZNRrkSD7gFJ14fwAGijiK:1rmiSx:e3gcNxQRmBmIjjBHLCqqWPCq0sJQDaSNJzLzGjjvXHo", "expire_date": "2024-04-02T23:01:55.447Z"}}, {"model": "sessions.session", "pk": "t2dy1fyrtkv7ew2dur33javs3hx2jzfp", "fields": {"session_data": ".eJxVjEEOwiAQRe_C2hBAKODSfc9AZpipVA0kpV0Z765NutDtf-_9l0iwrSVtnZc0k7gIrcXpd0TID647oTvUW5O51XWZUe6KPGiXYyN-Xg_376BAL9_asleTgcCESinUg_XgnLLuHCh6jCZDDAYNZMqDdpgZNRrkSD7gFJ14fwAGijiK:1rmiIf:iUMB0dd1nC1TwTb9lOO4rN4DM7EIpuaEVcp8N0Q54uA", "expire_date": "2024-04-02T22:51:17.599Z"}}, {"model": "sessions.session", "pk": "x5bn4pv500mgteymb2pi67dg1fd3mxqv", "fields": {"session_data": ".eJxVjEEOwiAQRe_C2hBAKODSfc9AZpipVA0kpV0Z765NutDtf-_9l0iwrSVtnZc0k7gIrcXpd0TID647oTvUW5O51XWZUe6KPGiXYyN-Xg_376BAL9_asleTgcCESinUg_XgnLLuHCh6jCZDDAYNZMqDdpgZNRrkSD7gFJ14fwAGijiK:1rmiOy:e4weKRBlJ8i1QfYiLhB2ihRtqFzGZnDN6_-qp8pUJNc", "expire_date": "2024-04-02T22:57:48.916Z"}}, {"model": "sessions.session", "pk": "x8qtdyruakpk905yc34ocez4dl03cj38", "fields": {"session_data": ".eJxVjEEOwiAQRe_C2hBAKODSfc9AZpipVA0kpV0Z765NutDtf-_9l0iwrSVtnZc0k7gIrcXpd0TID647oTvUW5O51XWZUe6KPGiXYyN-Xg_376BAL9_asleTgcCESinUg_XgnLLuHCh6jCZDDAYNZMqDdpgZNRrkSD7gFJ14fwAGijiK:1rmiDV:HcJh8gk88cC6bu_vMSegzkG3HNzksyYkX-kvs942_jE", "expire_date": "2024-04-02T22:45:57.082Z"}}, {"model": "sessions.session", "pk": "z18vho4yf0gyzihghnt32zpmqp65bwky", "fields": {"session_data": ".eJxVjDsOwjAQRO_iGln4l7Up6TmDtd61cQA5UpxUiLuTSCmgmWLem3mLiOtS49rzHEcWF6G0OP2WCemZ2074ge0-SZraMo9J7oo8aJe3ifPrerh_BxV73dZeQyjWaOcGe1bOgLLe5wJWgUMOZTAQUuFcAiEVz5a3BEdaZ-MTofh8Ad-KOCw:1rmiYB:t6qYRyKXRnE-aGEouPPtSRTQc0mMVEG6uJyzpV1Xb9g", "expire_date": "2024-04-02T23:07:19.566Z"}}, {"model": "cosmetic_meow_api.customuser", "pk": 1, "fields": {"password": "", "last_login": null, "email": null, "date_of_birth": null, "phone_number": "865-977-8079", "is_active": true, "is_admin": false, "is_staff": false, "is_superuser": false, "first_name": "", "last_name": "", "middle_name": "John", "groups": [], "user_permissions": []}}, {"model": "cosmetic_meow_api.customuser", "pk": 2, "fields": {"password": "", "last_login": null, "email": null, "date_of_birth": null, "phone_number": "398-950-9394x77062", "is_active": true, "is_admin": false, "is_staff": false, "is_superuser": false, "first_name": "", "last_name": "", "middle_name": "Ashley", "groups": [], "user_permissions": []}}, {"model": "cosmetic_meow_api.customuser", "pk": 3, "fields": {"password": "", "last_login": null, "email": null, "date_of_birth": null, "phone_number": "+1-317-746-7792x252", "is_active": true, "is_admin": false, "is_staff": false, "is_superuser": false, "first_name": "", "last_name": "", "middle_name": "Jessica", "groups": [], "user_permissions": []}}, {"model": "cosmetic_meow_api.customuser", "pk": 4, "fields": {"password": "", "last_login": null, "email": null, "date_of_birth": null, "phone_number": "001-560-990-1207x030", "is_active": true, "is_admin": false, "is_staff": false, "is_superuser": false, "first_name": "", "last_name": "", "middle_name": "Tyler", "groups": [], "user_permissions": []}}, {"model": "cosmetic_meow_api.customuser", "pk": 5, "fields": {"password": "", "last_login": null, "email": null, "date_of_birth": null, "phone_number": "7443972648", "is_active": true, "is_admin": false, "is_staff": false, "is_superuser": false, "first_name": "", "last_name": "", "middle_name": "Brandon", "groups": [], "user_permissions": []}}, {"model": "cosmetic_meow_api.customuser", "pk": 6, "fields": {"password": "", "last_login": null, "email": null, "date_of_birth": null, "phone_number": "462-875-2599", "is_active": true, "is_admin": false, "is_staff": false, "is_superuser": false, "first_name": "", "last_name": "", "middle_name": "Brooke", "groups": [], "user_permissions": []}}, {"model": "cosmetic_meow_api.customuser", "pk": 7, "fields": {"password": "", "last_login": null, "email": null, "date_of_birth": null, "phone_number": "001-967-531-5998x56860", "is_active": true, "is_admin": false, "is_staff": false, "is_superuser": false, "first_name": "", "last_name": "", "middle_name": "Michael", "groups": [], "user_permissions": []}}, {"model": "cosmetic_meow_api.customuser", "pk": 8, "fields": {"password": "", "last_login": null, "email": null, "date_of_birth": null, "phone_number": "464-311-2348", "is_active": true, "is_admin": false, "is_staff": false, "is_superuser": false, "first_name": "", "last_name": "", "middle_name": "Andrew", "groups": [], "user_permissions": []}}, {"model": "cosmetic_meow_api.customuser", "pk": 9, "fields": {"password": "", "last_login": null, "email": null, "date_of_birth": null, "phone_number": "820.815.0459", "is_active": true, "is_admin": false, "is_staff": false, "is_superuser": false, "first_name": "", "last_name": "", "middle_name": "Diana", "groups": [], "user_permissions": []}}, {"model": "cosmetic_meow_api.customuser", "pk": 10, "fields": {"password": "", "last_login": null, "email": null, "date_of_birth": null, "phone_number": "(447)525-9415x28058", "is_active": true, "is_admin": false, "is_staff": false, "is_superuser": false, "first_name": "", "last_name": "", "middle_name": "Sarah", "groups": [], "user_permissions": []}}, {"model": "cosmetic_meow_api.customuser", "pk": 11, "fields": {"password": "pbkdf2_sha256$720000$xBvIUWW36YFLg7TbnVnIS9$3Dw9B9m23fEl7UwJCPRP6FG0pMv7/kEhn5JIGnt0dtI=", "last_login": "2024-03-19T23:09:38.106Z", "email": null, "date_of_birth": null, "phone_number": "89175752164", "is_active": true, "is_admin": true, "is_staff": true, "is_superuser": true, "first_name": null, "last_name": null, "middle_name": null, "groups": [], "user_permissions": [97]}}, {"model": "cosmetic_meow_api.customuser", "pk": 12, "fields": {"password": "pbkdf2_sha256$720000$fHnVurF1g1GT3MtPdCv3bH$d3kCrt9jrc0N0At6JC9vWVxil/A7YT5qy174Rv2L9hE=", "last_login": "2024-03-19T23:07:19.556Z", "email": null, "date_of_birth": null, "phone_number": "1", "is_active": true, "is_admin": true, "is_staff": true, "is_superuser": true, "first_name": null, "last_name": null, "middle_name": null, "groups": [], "user_permissions": []}}, {"model": "cosmetic_meow_api.baseprice", "pk": 1, "fields": {"price_value": "598.53"}}, {"model": "cosmetic_meow_api.baseprice", "pk": 2, "fields": {"price_value": "869.81"}}, {"model": "cosmetic_meow_api.baseprice", "pk": 3, "fields": {"price_value": "95.18"}}, {"model": "cosmetic_meow_api.baseprice", "pk": 4, "fields": {"price_value": "89.75"}}, {"model": "cosmetic_meow_api.baseprice", "pk": 5, "fields": {"price_value": "949.15"}}, {"model": "cosmetic_meow_api.baseprice", "pk": 6, "fields": {"price_value": "715.61"}}, {"model": "cosmetic_meow_api.baseprice", "pk": 7, "fields": {"price_value": "71.99"}}, {"model": "cosmetic_meow_api.baseprice", "pk": 8, "fields": {"price_value": "33.94"}}, {"model": "cosmetic_meow_api.baseprice", "pk": 9, "fields": {"price_value": "926.52"}}, {"model": "cosmetic_meow_api.baseprice", "pk": 10, "fields": {"price_value": "596.35"}}, {"model": "cosmetic_meow_api.baseprice", "pk": 11, "fields": {"price_value": "869.81"}}, {"model": "cosmetic_meow_api.baseprice", "pk": 12, "fields": {"price_value": "926.52"}}, {"model": "cosmetic_meow_api.baseprice", "pk": 13, "fields": {"price_value": "949.15"}}, {"model": "cosmetic_meow_api.baseprice", "pk": 14, "fields": {"price_value": "715.61"}}, {"model": "cosmetic_meow_api.baseprice", "pk": 15, "fields": {"price_value": "71.99"}}, {"model": "cosmetic_meow_api.baseprice", "pk": 16, "fields": {"price_value": "926.52"}}, {"model": "cosmetic_meow_api.baseprice", "pk": 17, "fields": {"price_value": "71.99"}}, {"model": "cosmetic_meow_api.baseprice", "pk": 18, "fields": {"price_value": "71.99"}}, {"model": "cosmetic_meow_api.baseprice", "pk": 19, "fields": {"price_value": "596.35"}}, {"model": "cosmetic_meow_api.baseprice", "pk": 20, "fields": {"price_value": "715.61"}}, {"model": "cosmetic_meow_api.discountprice", "pk": 11, "fields": {"begin_date": "2024-01-27", "end_date": "2024-02-21"}}, {"model": "cosmetic_meow_api.discountprice", "pk": 12, "fields": {"begin_date": "2024-02-02", "end_date": "2024-03-04"}}, {"model": "cosmetic_meow_api.discountprice", "pk": 13, "fields": {"begin_date": "2024-01-24", "end_date": "2024-03-03"}}, {"model": "cosmetic_meow_api.discountprice", "pk": 14, "fields": {"begin_date": "2024-01-07", "end_date": "2024-04-03"}}, {"model": "cosmetic_meow_api.discountprice", "pk": 15, "fields": {"begin_date": "2024-02-09", "end_date": "2024-04-11"}}, {"model": "cosmetic_meow_api.discountprice", "pk": 16, "fields": {"begin_date": "2024-02-08", "end_date": "2024-04-05"}}, {"model": "cosmetic_meow_api.discountprice", "pk": 17, "fields": {"begin_date": "2024-02-18", "end_date": "2024-03-05"}}, {"model": "cosmetic_meow_api.discountprice", "pk": 18, "fields": {"begin_date": "2024-01-25", "end_date": "2024-02-26"}}, {"model": "cosmetic_meow_api.discountprice", "pk": 19, "fields": {"begin_date": "2024-02-22", "end_date": "2024-04-12"}}, {"model": "cosmetic_meow_api.discountprice", "pk": 20, "fields": {"begin_date": "2024-01-11", "end_date": "2024-03-18"}}, {"model": "cosmetic_meow_api.producttag", "pk": 1, "fields": {"name": "even", "description": "Church eight everything serve small soldier. Company scene use try. Rate base American face paper class special."}}, {"model": "cosmetic_meow_api.producttag", "pk": 2, "fields": {"name": "mean", "description": "Bit establish charge sign put compare picture third. Could pick bit your serious travel.\nMother begin wear. Company step truth institution ahead argue writer whom. Buy figure by trip."}}, {"model": "cosmetic_meow_api.producttag", "pk": 3, "fields": {"name": "act", "description": "Investment north artist might or. Available sit interesting box green once discover.\nCarry who character human free cultural. Think identify wall hour seven. Case money teacher trip."}}, {"model": "cosmetic_meow_api.producttag", "pk": 4, "fields": {"name": "skill", "description": "In avoid out idea since course.\nSeries fly fact despite often population she.\nDiscover beautiful interest here man. Federal society audience security find boy east."}}, {"model": "cosmetic_meow_api.producttag", "pk": 5, "fields": {"name": "happen", "description": "South fight subject minute million. Participant two nearly. Customer remember different have.\nTrouble impact animal like face term. Brother decade evidence without."}}, {"model": "cosmetic_meow_api.producttag", "pk": 6, "fields": {"name": "city", "description": "Find picture run film require sing collection action. Check prepare late agent.\nDrop although second. Writer three send since sell appear spend. Garden economy ok one several writer raise."}}, {"model": "cosmetic_meow_api.producttag", "pk": 7, "fields": {"name": "red", "description": "Read money situation himself road. Church draw bag window nature while.\nBring rule exist attention project necessary. Try meet director animal outside produce morning."}}, {"model": "cosmetic_meow_api.producttag", "pk": 8, "fields": {"name": "already", "description": "Team full cover. Senior look agreement face.\nAllow here health one theory day result. Future yes guess same card network."}}, {"model": "cosmetic_meow_api.producttag", "pk": 9, "fields": {"name": "special", "description": "None personal some address career if side. Pm strong message whether only play. No ok many finish.\nLetter type than police. Environment per off street author nearly worry air."}}, {"model": "cosmetic_meow_api.producttag", "pk": 10, "fields": {"name": "almost", "description": "Create ask lose something particular free right soon. Worry political hit their present bank moment. Change base field across strategy school sit."}}, {"model": "cosmetic_meow_api.product", "pk": 11, "fields": {"name": "Крем эмолент для сухой и очень сухой кожи.", "short_description": "Для бережного ежедневного ухода за сухой, очень сухой чувствительной и атопичной кожей", "description": "Крем является результатом многолетних исследований группы ученых в области фармацевтической технологии и фармацевтической химии. Он не содержит отдушек, силиконов, микропластика и консервантов, что сильно снижает риск аллергии. Подобранная основа крема обеспечивает каскадное высвобождение компонентов, что надолго сохраняет увлажнение, улучшает рельеф и внешний вид кожи. Во время клинической апробации ни одного побочного эффекта не выявлено. Крем не имеет конкурентов по свойствам среди аналогов в аптечном сегменте в РФ.", "composition": "Aqua, Hydroxyethyl Urea, Cetearyl Alcohol, Cetearyl Glucoside, D-Panthenol, Pentylene Glycol, Glycerin, Cetearyl phosphate, Dicetyl Phosphate, Mangifera Indica (Mango) Seed Butter, Butyrospermum Parkii (Shea) Butter, Vitis Vinifera (Grape) Seed Oil, Oryza Sativa (Rice) Bran Oil, C12-15 Alkyl Benzoate, 1,2-hexanediol, Prunus Amygdalus Dulcis (Sweet Almond) Oil, Caprylic/Capric Triglyceride, Ethylhexyl Stearate, Olive Glycerides, Ceramide NP, Arginine, Aloe Barbadensis Leaf Juice, Hyaluronic Acid, Bisabolol, Xanthan Gum, Tocopheryl Acetate, Phytic Acid, Citric acid.", "purpose": "Крем-эмолент предназначен для бережного ежедневного ухода за сухой, очень сухой и чувствительной кожей. Крем-эмолент способствует интенсивному увлажнению и смягчению кожи, уменьшению потери трансэпидермальной воды, восстановлению эпидермального барьера, снижению ощущения сухости, раздражения, зуда и шелушения. Крем-эмолент контролирует гидро-липидный баланс кожи, обогащает ее необходимыми питательными компонентами, а также улучшает рельеф и внешний вид кожи.", "application_method": "Равномерным тонким слоем наносить ежедневно 1-2 раза в день утром и вечером на кожу тела и лица, избегая попадания в глаза. Только для наружного применения", "price": null, "discount_price": null, "clinical_testing_result": 11, "product_line": 12, "is_ready_for_sale": true, "is_active": true, "active_substances": [11, 12, 13, 14], "advantages": [35, 36, 37, 38, 39, 40, 41, 42, 43], "product_tags": [1]}}, {"model": "cosmetic_meow_api.product", "pk": 12, "fields": {"name": "ПЕНКА глубокое очищение", "short_description": "Мягкое снятие косметики и загрязнений кожи.", "description": "Мягкое снятие косметики и загрязнений кожи. Средство легко  смывает тональные кремы, водостойкие туши и помады. Смягчает и увлажняет кожу. Снижает выработку себума, поддерживает гидролипидный  баланс.", "composition": "", "purpose": "Косметологические и физиотерапевтические процедуры в т.ч.: лазерная терапия, ультразвуковая терапия, микротоковая терапия, ионофорез, RF-терапия и т.п.", "application_method": "", "price": null, "discount_price": null, "clinical_testing_result": null, "product_line": 11, "is_ready_for_sale": false, "is_active": true, "active_substances": [], "advantages": [44, 45, 46], "product_tags": [1]}}, {"model": "cosmetic_meow_api.product", "pk": 13, "fields": {"name": "ГЕЛЬ-КОНЦЕНТРАТ с гиалуроновой кислотой 2%\n", "short_description": "Выраженный лифтинг эффект.", "description": "Выраженный лифтинг эффект. Обеспечивает эффективное и безопасное проведение  косметологических процедур. Стимулирует выработку естественной гиалуроновой кислоты  клетками кожи. Повышает термодинамические защитные свойств кожи. Регулирует увлажнение кожи, позволяет сделать её заметно  мягче и эластичнее.\n", "composition": "", "purpose": "", "application_method": "", "price": null, "discount_price": null, "clinical_testing_result": null, "product_line": 11, "is_ready_for_sale": false, "is_active": true, "active_substances": [], "advantages": [], "product_tags": []}}, {"model": "cosmetic_meow_api.product", "pk": 14, "fields": {"name": "ГЕЛЬ интенсивное восстановление\n", "short_description": "Восстанавливает микрофлору кожи.", "description": "Увеличивает длительность лифтинг эффекта. Уменьшает воспаление, синяки и отеки после процедуры. Обволакивает и защищает кожу. Смягчает кожу. Увеличивает плотность сосудистой стенки. Блокирует гиалуронидазу и стабилизирует гиалуроновую  кислоту клеточных оболочек;", "composition": "", "purpose": "", "application_method": "", "price": null, "discount_price": null, "clinical_testing_result": null, "product_line": 11, "is_ready_for_sale": false, "is_active": false, "active_substances": [], "advantages": [], "product_tags": []}}, {"model": "cosmetic_meow_api.productimage", "pk": 1, "fields": {"image": "product_images/cream_1_2.jpg", "product": 11}}, {"model": "cosmetic_meow_api.productimage", "pk": 2, "fields": {"image": "product_images/cream_1_1.jpg", "product": 11}}, {"model": "cosmetic_meow_api.productimage", "pk": 3, "fields": {"image": "product_images/Рисунок1.jpg", "product": 12}}, {"model": "cosmetic_meow_api.productimage", "pk": 4, "fields": {"image": "product_images/Рисунок2.jpg", "product": 13}}, {"model": "cosmetic_meow_api.productimage", "pk": 5, "fields": {"image": "product_images/Рисунок13.jpg", "product": 11}}, {"model": "cosmetic_meow_api.productimage", "pk": 6, "fields": {"image": "product_images/Рисунок12.jpg", "product": 11}}, {"model": "cosmetic_meow_api.productimage", "pk": 7, "fields": {"image": "product_images/Рисунок11.jpg", "product": 14}}, {"model": "cosmetic_meow_api.productmarketplacelink", "pk": 1, "fields": {"link": "https://www.wildberries.ru/", "marketplace": "Wildberries", "product": 11}}, {"model": "cosmetic_meow_api.productmarketplacelink", "pk": 2, "fields": {"link": "https://www.ozon.ru/", "marketplace": "Ozon", "product": 11}}, {"model": "cosmetic_meow_api.productclinicaltestingresult", "pk": 11, "fields": {"description": "Крем-эмолент прошел клиническую апробацию в Клинике кожных и венерических болезней им. В.А. Рахманова.\nВ исследование были включены пациенты, страдающие сениальным ксерозом, ретиноевым дерматитом, а также атопическим дерматитом.\nВсе пациенты предъявляли жалобы на высыпания на коже, чаще в сгибательных областях конечностей, зуд и шелушение различной интенсивности и сухость всех кожных покровов.\nКрем-эмолент наносился ежедневно 2 раза в день утром и вечером на кожные покровы лица, избегая области вокруг глаз, на ноги  при сенильном ксерозе и на все кожные покровы при атопическом дерматите на протяжении 30 дней.\nВ ходе клинического тестирования крема-эмолента выявлено:\n1.\tПрименяемый крем-эмолент является эффективным и способствует повышению увлажнения кожи, что проявлялось существенным улучшением показателей гидратации кожи.\n2.\tЭффективность применения крема-эмолента у пациентов подтверждается устранением таких клинических симптомов, а как сухость, шелушение, зуд, чувство стянутости кожи.\n3.\tКрем-эмолент имеет хороший профиль безопасности больными: не зарегистрировано ни одного случая развития нежелательных явлений. Средство хорошо переносится пациентами, увеличивая приверженность к лечению."}}, {"model": "cosmetic_meow_api.basepricehistory", "pk": 1, "fields": {"old_price": 11, "end_date": "2024-01-10"}}, {"model": "cosmetic_meow_api.basepricehistory", "pk": 2, "fields": {"old_price": 1, "end_date": "2024-03-11"}}, {"model": "cosmetic_meow_api.basepricehistory", "pk": 3, "fields": {"old_price": 13, "end_date": "2024-01-15"}}, {"model": "cosmetic_meow_api.basepricehistory", "pk": 4, "fields": {"old_price": 12, "end_date": "2024-02-09"}}, {"model": "cosmetic_meow_api.basepricehistory", "pk": 5, "fields": {"old_price": 1, "end_date": "2024-01-11"}}, {"model": "cosmetic_meow_api.basepricehistory", "pk": 6, "fields": {"old_price": 20, "end_date": "2024-03-07"}}, {"model": "cosmetic_meow_api.basepricehistory", "pk": 7, "fields": {"old_price": 2, "end_date": "2024-02-20"}}, {"model": "cosmetic_meow_api.basepricehistory", "pk": 8, "fields": {"old_price": 11, "end_date": "2024-03-01"}}, {"model": "cosmetic_meow_api.basepricehistory", "pk": 9, "fields": {"old_price": 6, "end_date": "2024-01-08"}}, {"model": "cosmetic_meow_api.basepricehistory", "pk": 10, "fields": {"old_price": 5, "end_date": "2024-02-22"}}, {"model": "cosmetic_meow_api.productpartner", "pk": 11, "fields": {"name": "Сеченовский Университет", "description": "ФГАОУ ВО первый МГМУ им. И.М. Сеченова Минздрава России (Сеченовский Университет)", "product_lines": [12]}}, {"model": "cosmetic_meow_api.productpartner", "pk": 12, "fields": {"name": "РТУ МИРЭА", "description": "РТУ МИРЭА", "product_lines": [11]}}, {"model": "cosmetic_meow_api.productpartner", "pk": 13, "fields": {"name": "РУДН", "description": "Университет РУДН", "product_lines": [11]}}, {"model": "cosmetic_meow_api.productpartner", "pk": 14, "fields": {"name": "ФГБУ ФНКЦ МРиК ФМБА России", "description": "", "product_lines": [11]}}, {"model": "cosmetic_meow_api.productpartner", "pk": 15, "fields": {"name": "ВГМУ им. Н.Н. Бурденко", "description": "", "product_lines": []}}, {"model": "cosmetic_meow_api.productpartnerimage", "pk": 1, "fields": {"image": "product_partner_images/Setchenov.png", "product_partner": 11}}, {"model": "cosmetic_meow_api.productpartnerimage", "pk": 2, "fields": {"image": "product_partner_images/MRIEA.png", "product_partner": 12}}, {"model": "cosmetic_meow_api.productpartnerimage", "pk": 3, "fields": {"image": "product_partner_images/RUDN.png", "product_partner": 13}}, {"model": "cosmetic_meow_api.productpartnerimage", "pk": 4, "fields": {"image": "product_partner_images/FGBU FNKC.png", "product_partner": 14}}, {"model": "cosmetic_meow_api.productpartnerimage", "pk": 5, "fields": {"image": "product_partner_images/Burdenko.png", "product_partner": 15}}, {"model": "cosmetic_meow_api.productadvantage", "pk": 35, "fields": {"name": "Создание полимерной системы для повышенной доступности компонентов в эпидермис.", "description": "Создание полимерной системы для повышенной доступности компонентов в эпидермис."}}, {"model": "cosmetic_meow_api.productadvantage", "pk": 36, "fields": {"name": "Контролируемое высвобождение компонентов из матрицы биополимеров (гиалуроновая кислота+ксантановая к", "description": "Контролируемое высвобождение компонентов из матрицы биополимеров (гиалуроновая кислота+ксантановая камедь)."}}, {"model": "cosmetic_meow_api.productadvantage", "pk": 37, "fields": {"name": "Пролонгируемый эффект за счет пленкообразователей.", "description": "Пролонгируемый эффект за счет пленкообразователей."}}, {"model": "cosmetic_meow_api.productadvantage", "pk": 38, "fields": {"name": "Основной эмульгатор формирует на границе раздела фаз α-гелевые структуры, стабильные в широком диапа", "description": "Основной эмульгатор формирует на границе раздела фаз α-гелевые структуры, стабильные в широком диапазоне температур. α-гель - тип надмолекулярной структуры. α-гели имеют ламеллярную структуру, подобную ламеллярному жидкому кристаллу."}}, {"model": "cosmetic_meow_api.productadvantage", "pk": 39, "fields": {"name": "Отсутствие в составе силиконов, отдушек, микропластика.", "description": "Отсутствие в составе силиконов, отдушек, микропластика."}}, {"model": "cosmetic_meow_api.productadvantage", "pk": 40, "fields": {"name": "Мягкая система консервантов.", "description": "Мягкая система консервантов."}}, {"model": "cosmetic_meow_api.productadvantage", "pk": 41, "fields": {"name": "Комфортные органолептические свойства (питательный крем без жирных пятен и следов, легко разносится", "description": "Комфортные органолептические свойства (питательный крем без жирных пятен и следов, легко разносится по коже)."}}, {"model": "cosmetic_meow_api.productadvantage", "pk": 42, "fields": {"name": "Полный спектр физико-химических исследований.", "description": "Полный спектр физико-химических исследований."}}, {"model": "cosmetic_meow_api.productadvantage", "pk": 43, "fields": {"name": "Клиническая апробация в условиях стационара под контролем врачей-дерматологов.", "description": "Клиническая апробация в условиях стационара под контролем врачей-дерматологов."}}, {"model": "cosmetic_meow_api.productadvantage", "pk": 44, "fields": {"name": "Высокая концентрация низкомолекулярной гиалуроновой кислоты", "description": "Высокая концентрация низкомолекулярной гиалуроновой кислоты"}}, {"model": "cosmetic_meow_api.productadvantage", "pk": 45, "fields": {"name": "Активные компоненты с доказанной эффективностью.", "description": "Активные компоненты с доказанной эффективностью."}}, {"model": "cosmetic_meow_api.productadvantage", "pk": 46, "fields": {"name": "Зеленые увлажнители", "description": "Зеленые увлажнители"}}, {"model": "cosmetic_meow_api.productadvantageimage", "pk": 1, "fields": {"image": "product_advantages_images/Epidermo.png", "product_advantage": 35}}, {"model": "cosmetic_meow_api.productadvantageimage", "pk": 2, "fields": {"image": "product_advantages_images/Protection.png", "product_advantage": 43}}, {"model": "cosmetic_meow_api.productadvantageimage", "pk": 3, "fields": {"image": "product_advantages_images/Gidrodacion.png", "product_advantage": 39}}, {"model": "cosmetic_meow_api.productactivesubstance", "pk": 11, "fields": {"name": "Масла виноградной косточки, рисовых отрубей, сладкого миндаля, ши и манго", "description": "Комплекс из 5 натуральных масел (масла виноградной косточки, рисовых отрубей, сладкого миндаля, ши и манго) является источником незаменимых жирных кислот, обогащает кожу необходимыми липидами"}}, {"model": "cosmetic_meow_api.productactivesubstance", "pk": 12, "fields": {"name": "Гидроксиэтилмочевина, гель алоэ вера, пантенол, аргинин, витамин Е, гиалуроновая кислота и ксантановая камедь", "description": "Комплекс увлажняющих компонентов (гидроксиэтилмочевина, гель алоэ вера, пантенол, аргинин, витамин Е) и влагоудерживающих компонентов (гиалуроновая кислота и ксантановая камедь) обеспечивает каскадное увлажнение кожи"}}, {"model": "cosmetic_meow_api.productactivesubstance", "pk": 13, "fields": {"name": "Бисаболол", "description": "Бисаболол успокаивает раздражённую и чувствительную кожу"}}, {"model": "cosmetic_meow_api.productactivesubstance", "pk": 14, "fields": {"name": "Церамиды", "description": "Церамиды восстанавливают гидролипидный барьер"}}, {"model": "cosmetic_meow_api.productactivesubstanceimage", "pk": 1, "fields": {"image": "product_active_substances_images/Bisabolol.png", "product_active_substance": 13}}, {"model": "cosmetic_meow_api.productactivesubstanceimage", "pk": 2, "fields": {"image": "product_active_substances_images/Natural_oil.png", "product_active_substance": 11}}, {"model": "cosmetic_meow_api.productactivesubstanceimage", "pk": 3, "fields": {"image": "product_active_substances_images/Ceramide.png", "product_active_substance": 14}}, {"model": "cosmetic_meow_api.productactivesubstanceimage", "pk": 4, "fields": {"image": "product_active_substances_images/Gidro.png", "product_active_substance": 12}}, {"model": "cosmetic_meow_api.productline", "pk": 11, "fields": {"name": "BIOACTIV", "description": "Инновационная специализированная линейка средств для проведение инструментальных косметологических и физиотерапевтических процедур с системой управления биодеградации гиалуроновой кислоты. \n"}}, {"model": "cosmetic_meow_api.productline", "pk": 12, "fields": {"name": "Dr.Sechenov", "description": "Специализированная линейка средств по уходу за сухой и очень сухой/атопичной кожей."}}, {"model": "cosmetic_meow_api.productcode", "pk": "7MEVLRXF8KSNI8GP", "fields": {"was_activated": true, "product": 11}}, {"model": "cosmetic_meow_api.orderitem", "pk": 1, "fields": {"product": 11, "quantity": 2, "order": 1}}, {"model": "cosmetic_meow_api.order", "pk": 1, "fields": {"user": null, "session_key": "3nq036fhjtlaxryekhevodbtl7emiiwj", "status": "cart", "created_at": "2024-03-16T12:02:38.785Z", "updated_at": "2024-03-16T12:02:38.785Z", "pick_up_point": null, "receiver_full_name": null, "receiver_phone_number": null}}, {"model": "cosmetic_meow_api.feedback", "pk": 1, "fields": {"name": "ссс", "email": "isaeva.adelya2016@ya.ru", "message": "ссс", "created_at": "2024-03-15T00:32:52.496Z", "type": "support", "is_active": true}}, {"model": "cosmetic_meow_api.feedback", "pk": 2, "fields": {"name": "bghnn1", "email": "bvgyigy@fdrdt.ru", "message": "ugjvftufdft", "created_at": "2024-03-15T16:21:03.288Z", "type": "contract_request", "is_active": true}}, {"model": "cosmetic_meow_api.feedback", "pk": 3, "fields": {"name": "Аделина", "email": "isaeva.a.v@edu.mirea.ru", "message": "токрпг485п", "created_at": "2024-03-16T11:51:20.649Z", "type": "contract_request", "is_active": true}}, {"model": "cosmetic_meow_api.feedback", "pk": 4, "fields": {"name": "Аделина", "email": "isaeva.a.v@edu.mirea.ru", "message": "токрпг485п", "created_at": "2024-03-16T11:51:21.084Z", "type": "contract_request", "is_active": true}}, {"model": "cosmetic_meow_api.feedback", "pk": 5, "fields": {"name": "Вакансия", "email": "isaeva.adelya2016@yandex.ru", "message": "рготкуклаьпедщлн", "created_at": "2024-03-20T19:17:09.270Z", "type": "contract_request", "is_active": true}}, {"model": "cosmetic_meow_api.feedback", "pk": 6, "fields": {"name": "Вакансия", "email": "isaeva.adelya2016@yandex.ru", "message": "рготкуклаьпедщлн", "created_at": "2024-03-20T19:17:09.941Z", "type": "contract_request", "is_active": true}}, {"model": "cosmetic_meow_api.feedback", "pk": 7, "fields": {"name": "cfvgbhnjmk,", "email": "isaeva.adelya2016@yandex.ru", "message": "edl,lg\nnhufhejf\nw", "created_at": "2024-03-20T19:27:06.174Z", "type": "contract_request", "is_active": true}}, {"model": "cosmetic_meow_api.feedback", "pk": 8, "fields": {"name": "Вакансия", "email": "isaeva.adelya2016@yandex.ru", "message": "sdxcfvgbhnjmk,l;.", "created_at": "2024-03-20T20:52:57.115Z", "type": "contract_request", "is_active": true}}, {"model": "cosmetic_meow_api.feedback", "pk": 9, "fields": {"name": "ghjkl;", "email": "fghjkl@rtghjk.tyu", "message": "qwerty", "created_at": "2024-03-21T17:15:07.104Z", "type": "contract_request", "is_active": true}}, {"model": "cosmetic_meow_api.feedback", "pk": 10, "fields": {"name": "Вакансия", "email": "isaeva.adelya2016@yandex.ru", "message": "defrgthyjuk", "created_at": "2024-03-21T17:57:36.490Z", "type": "contract_request", "is_active": true}}]