[{"model": "admin.logentry", "pk": 1, "fields": {"action_time": "2024-03-19T20:28:09.867Z", "user": 14, "content_type": 26, "object_id": "1", "object_repr": "ProductImage object (1)", "action_flag": 1, "change_message": "[{\"added\": {}}]"}}, {"model": "admin.logentry", "pk": 2, "fields": {"action_time": "2024-03-19T20:46:09.462Z", "user": 14, "content_type": 26, "object_id": "2", "object_repr": "ProductImage object (2)", "action_flag": 1, "change_message": "[{\"added\": {}}]"}}, {"model": "auth.permission", "pk": 1, "fields": {"name": "Can add log entry", "content_type": 1, "codename": "add_logentry"}}, {"model": "auth.permission", "pk": 2, "fields": {"name": "Can change log entry", "content_type": 1, "codename": "change_logentry"}}, {"model": "auth.permission", "pk": 3, "fields": {"name": "Can delete log entry", "content_type": 1, "codename": "delete_logentry"}}, {"model": "auth.permission", "pk": 4, "fields": {"name": "Can view log entry", "content_type": 1, "codename": "view_logentry"}}, {"model": "auth.permission", "pk": 5, "fields": {"name": "Can add permission", "content_type": 2, "codename": "add_permission"}}, {"model": "auth.permission", "pk": 6, "fields": {"name": "Can change permission", "content_type": 2, "codename": "change_permission"}}, {"model": "auth.permission", "pk": 7, "fields": {"name": "Can delete permission", "content_type": 2, "codename": "delete_permission"}}, {"model": "auth.permission", "pk": 8, "fields": {"name": "Can view permission", "content_type": 2, "codename": "view_permission"}}, {"model": "auth.permission", "pk": 9, "fields": {"name": "Can add group", "content_type": 3, "codename": "add_group"}}, {"model": "auth.permission", "pk": 10, "fields": {"name": "Can change group", "content_type": 3, "codename": "change_group"}}, {"model": "auth.permission", "pk": 11, "fields": {"name": "Can delete group", "content_type": 3, "codename": "delete_group"}}, {"model": "auth.permission", "pk": 12, "fields": {"name": "Can view group", "content_type": 3, "codename": "view_group"}}, {"model": "auth.permission", "pk": 13, "fields": {"name": "Can add content type", "content_type": 4, "codename": "add_contenttype"}}, {"model": "auth.permission", "pk": 14, "fields": {"name": "Can change content type", "content_type": 4, "codename": "change_contenttype"}}, {"model": "auth.permission", "pk": 15, "fields": {"name": "Can delete content type", "content_type": 4, "codename": "delete_contenttype"}}, {"model": "auth.permission", "pk": 16, "fields": {"name": "Can view content type", "content_type": 4, "codename": "view_contenttype"}}, {"model": "auth.permission", "pk": 17, "fields": {"name": "Can add session", "content_type": 5, "codename": "add_session"}}, {"model": "auth.permission", "pk": 18, "fields": {"name": "Can change session", "content_type": 5, "codename": "change_session"}}, {"model": "auth.permission", "pk": 19, "fields": {"name": "Can delete session", "content_type": 5, "codename": "delete_session"}}, {"model": "auth.permission", "pk": 20, "fields": {"name": "Can view session", "content_type": 5, "codename": "view_session"}}, {"model": "auth.permission", "pk": 21, "fields": {"name": "Can add custom user", "content_type": 6, "codename": "add_customuser"}}, {"model": "auth.permission", "pk": 22, "fields": {"name": "Can change custom user", "content_type": 6, "codename": "change_customuser"}}, {"model": "auth.permission", "pk": 23, "fields": {"name": "Can delete custom user", "content_type": 6, "codename": "delete_customuser"}}, {"model": "auth.permission", "pk": 24, "fields": {"name": "Can view custom user", "content_type": 6, "codename": "view_customuser"}}, {"model": "auth.permission", "pk": 25, "fields": {"name": "Can add base price", "content_type": 7, "codename": "add_baseprice"}}, {"model": "auth.permission", "pk": 26, "fields": {"name": "Can change base price", "content_type": 7, "codename": "change_baseprice"}}, {"model": "auth.permission", "pk": 27, "fields": {"name": "Can delete base price", "content_type": 7, "codename": "delete_baseprice"}}, {"model": "auth.permission", "pk": 28, "fields": {"name": "Can view base price", "content_type": 7, "codename": "view_baseprice"}}, {"model": "auth.permission", "pk": 29, "fields": {"name": "Can add feed back", "content_type": 8, "codename": "add_feedback"}}, {"model": "auth.permission", "pk": 30, "fields": {"name": "Can change feed back", "content_type": 8, "codename": "change_feedback"}}, {"model": "auth.permission", "pk": 31, "fields": {"name": "Can delete feed back", "content_type": 8, "codename": "delete_feedback"}}, {"model": "auth.permission", "pk": 32, "fields": {"name": "Can view feed back", "content_type": 8, "codename": "view_feedback"}}, {"model": "auth.permission", "pk": 33, "fields": {"name": "Can add pick up point", "content_type": 9, "codename": "add_pickuppoint"}}, {"model": "auth.permission", "pk": 34, "fields": {"name": "Can change pick up point", "content_type": 9, "codename": "change_pickuppoint"}}, {"model": "auth.permission", "pk": 35, "fields": {"name": "Can delete pick up point", "content_type": 9, "codename": "delete_pickuppoint"}}, {"model": "auth.permission", "pk": 36, "fields": {"name": "Can view pick up point", "content_type": 9, "codename": "view_pickuppoint"}}, {"model": "auth.permission", "pk": 37, "fields": {"name": "Can add product active substance", "content_type": 10, "codename": "add_productactivesubstance"}}, {"model": "auth.permission", "pk": 38, "fields": {"name": "Can change product active substance", "content_type": 10, "codename": "change_productactivesubstance"}}, {"model": "auth.permission", "pk": 39, "fields": {"name": "Can delete product active substance", "content_type": 10, "codename": "delete_productactivesubstance"}}, {"model": "auth.permission", "pk": 40, "fields": {"name": "Can view product active substance", "content_type": 10, "codename": "view_productactivesubstance"}}, {"model": "auth.permission", "pk": 41, "fields": {"name": "Can add product advantage", "content_type": 11, "codename": "add_productadvantage"}}, {"model": "auth.permission", "pk": 42, "fields": {"name": "Can change product advantage", "content_type": 11, "codename": "change_productadvantage"}}, {"model": "auth.permission", "pk": 43, "fields": {"name": "Can delete product advantage", "content_type": 11, "codename": "delete_productadvantage"}}, {"model": "auth.permission", "pk": 44, "fields": {"name": "Can view product advantage", "content_type": 11, "codename": "view_productadvantage"}}, {"model": "auth.permission", "pk": 45, "fields": {"name": "Can add product clinical testing result", "content_type": 12, "codename": "add_productclinicaltestingresult"}}, {"model": "auth.permission", "pk": 46, "fields": {"name": "Can change product clinical testing result", "content_type": 12, "codename": "change_productclinicaltestingresult"}}, {"model": "auth.permission", "pk": 47, "fields": {"name": "Can delete product clinical testing result", "content_type": 12, "codename": "delete_productclinicaltestingresult"}}, {"model": "auth.permission", "pk": 48, "fields": {"name": "Can view product clinical testing result", "content_type": 12, "codename": "view_productclinicaltestingresult"}}, {"model": "auth.permission", "pk": 49, "fields": {"name": "Can add product line", "content_type": 13, "codename": "add_productline"}}, {"model": "auth.permission", "pk": 50, "fields": {"name": "Can change product line", "content_type": 13, "codename": "change_productline"}}, {"model": "auth.permission", "pk": 51, "fields": {"name": "Can delete product line", "content_type": 13, "codename": "delete_productline"}}, {"model": "auth.permission", "pk": 52, "fields": {"name": "Can view product line", "content_type": 13, "codename": "view_productline"}}, {"model": "auth.permission", "pk": 53, "fields": {"name": "Can add product tag", "content_type": 14, "codename": "add_producttag"}}, {"model": "auth.permission", "pk": 54, "fields": {"name": "Can change product tag", "content_type": 14, "codename": "change_producttag"}}, {"model": "auth.permission", "pk": 55, "fields": {"name": "Can delete product tag", "content_type": 14, "codename": "delete_producttag"}}, {"model": "auth.permission", "pk": 56, "fields": {"name": "Can view product tag", "content_type": 14, "codename": "view_producttag"}}, {"model": "auth.permission", "pk": 57, "fields": {"name": "Can add discount price", "content_type": 15, "codename": "add_discountprice"}}, {"model": "auth.permission", "pk": 58, "fields": {"name": "Can change discount price", "content_type": 15, "codename": "change_discountprice"}}, {"model": "auth.permission", "pk": 59, "fields": {"name": "Can delete discount price", "content_type": 15, "codename": "delete_discountprice"}}, {"model": "auth.permission", "pk": 60, "fields": {"name": "Can view discount price", "content_type": 15, "codename": "view_discountprice"}}, {"model": "auth.permission", "pk": 61, "fields": {"name": "Can add base price history", "content_type": 16, "codename": "add_basepricehistory"}}, {"model": "auth.permission", "pk": 62, "fields": {"name": "Can change base price history", "content_type": 16, "codename": "change_basepricehistory"}}, {"model": "auth.permission", "pk": 63, "fields": {"name": "Can delete base price history", "content_type": 16, "codename": "delete_basepricehistory"}}, {"model": "auth.permission", "pk": 64, "fields": {"name": "Can view base price history", "content_type": 16, "codename": "view_basepricehistory"}}, {"model": "auth.permission", "pk": 65, "fields": {"name": "Can add order", "content_type": 17, "codename": "add_order"}}, {"model": "auth.permission", "pk": 66, "fields": {"name": "Can change order", "content_type": 17, "codename": "change_order"}}, {"model": "auth.permission", "pk": 67, "fields": {"name": "Can delete order", "content_type": 17, "codename": "delete_order"}}, {"model": "auth.permission", "pk": 68, "fields": {"name": "Can view order", "content_type": 17, "codename": "view_order"}}, {"model": "auth.permission", "pk": 69, "fields": {"name": "Can add product", "content_type": 18, "codename": "add_product"}}, {"model": "auth.permission", "pk": 70, "fields": {"name": "Can change product", "content_type": 18, "codename": "change_product"}}, {"model": "auth.permission", "pk": 71, "fields": {"name": "Can delete product", "content_type": 18, "codename": "delete_product"}}, {"model": "auth.permission", "pk": 72, "fields": {"name": "Can view product", "content_type": 18, "codename": "view_product"}}, {"model": "auth.permission", "pk": 73, "fields": {"name": "Can add order item", "content_type": 19, "codename": "add_orderitem"}}, {"model": "auth.permission", "pk": 74, "fields": {"name": "Can change order item", "content_type": 19, "codename": "change_orderitem"}}, {"model": "auth.permission", "pk": 75, "fields": {"name": "Can delete order item", "content_type": 19, "codename": "delete_orderitem"}}, {"model": "auth.permission", "pk": 76, "fields": {"name": "Can view order item", "content_type": 19, "codename": "view_orderitem"}}, {"model": "auth.permission", "pk": 77, "fields": {"name": "Can add product clinical testing result image", "content_type": 20, "codename": "add_productclinicaltestingresultimage"}}, {"model": "auth.permission", "pk": 78, "fields": {"name": "Can change product clinical testing result image", "content_type": 20, "codename": "change_productclinicaltestingresultimage"}}, {"model": "auth.permission", "pk": 79, "fields": {"name": "Can delete product clinical testing result image", "content_type": 20, "codename": "delete_productclinicaltestingresultimage"}}, {"model": "auth.permission", "pk": 80, "fields": {"name": "Can view product clinical testing result image", "content_type": 20, "codename": "view_productclinicaltestingresultimage"}}, {"model": "auth.permission", "pk": 81, "fields": {"name": "Can add product market place link", "content_type": 21, "codename": "add_productmarketplacelink"}}, {"model": "auth.permission", "pk": 82, "fields": {"name": "Can change product market place link", "content_type": 21, "codename": "change_productmarketplacelink"}}, {"model": "auth.permission", "pk": 83, "fields": {"name": "Can delete product market place link", "content_type": 21, "codename": "delete_productmarketplacelink"}}, {"model": "auth.permission", "pk": 84, "fields": {"name": "Can view product market place link", "content_type": 21, "codename": "view_productmarketplacelink"}}, {"model": "auth.permission", "pk": 85, "fields": {"name": "Can add product partner", "content_type": 22, "codename": "add_productpartner"}}, {"model": "auth.permission", "pk": 86, "fields": {"name": "Can change product partner", "content_type": 22, "codename": "change_productpartner"}}, {"model": "auth.permission", "pk": 87, "fields": {"name": "Can delete product partner", "content_type": 22, "codename": "delete_productpartner"}}, {"model": "auth.permission", "pk": 88, "fields": {"name": "Can view product partner", "content_type": 22, "codename": "view_productpartner"}}, {"model": "auth.permission", "pk": 89, "fields": {"name": "Can add Код продукта", "content_type": 23, "codename": "add_productcode"}}, {"model": "auth.permission", "pk": 90, "fields": {"name": "Can change Код продукта", "content_type": 23, "codename": "change_productcode"}}, {"model": "auth.permission", "pk": 91, "fields": {"name": "Can delete Код продукта", "content_type": 23, "codename": "delete_productcode"}}, {"model": "auth.permission", "pk": 92, "fields": {"name": "Can view Код продукта", "content_type": 23, "codename": "view_productcode"}}, {"model": "auth.permission", "pk": 93, "fields": {"name": "Can add Изображение активного вещества", "content_type": 24, "codename": "add_productactivesubstanceimage"}}, {"model": "auth.permission", "pk": 94, "fields": {"name": "Can change Изображение активного вещества", "content_type": 24, "codename": "change_productactivesubstanceimage"}}, {"model": "auth.permission", "pk": 95, "fields": {"name": "Can delete Изображение активного вещества", "content_type": 24, "codename": "delete_productactivesubstanceimage"}}, {"model": "auth.permission", "pk": 96, "fields": {"name": "Can view Изображение активного вещества", "content_type": 24, "codename": "view_productactivesubstanceimage"}}, {"model": "auth.permission", "pk": 97, "fields": {"name": "Can add Изображение преимущества", "content_type": 25, "codename": "add_productadvantageimage"}}, {"model": "auth.permission", "pk": 98, "fields": {"name": "Can change Изображение преимущества", "content_type": 25, "codename": "change_productadvantageimage"}}, {"model": "auth.permission", "pk": 99, "fields": {"name": "Can delete Изображение преимущества", "content_type": 25, "codename": "delete_productadvantageimage"}}, {"model": "auth.permission", "pk": 100, "fields": {"name": "Can view Изображение преимущества", "content_type": 25, "codename": "view_productadvantageimage"}}, {"model": "auth.permission", "pk": 101, "fields": {"name": "Can add product image", "content_type": 26, "codename": "add_productimage"}}, {"model": "auth.permission", "pk": 102, "fields": {"name": "Can change product image", "content_type": 26, "codename": "change_productimage"}}, {"model": "auth.permission", "pk": 103, "fields": {"name": "Can delete product image", "content_type": 26, "codename": "delete_productimage"}}, {"model": "auth.permission", "pk": 104, "fields": {"name": "Can view product image", "content_type": 26, "codename": "view_productimage"}}, {"model": "auth.permission", "pk": 105, "fields": {"name": "Can add product line image", "content_type": 27, "codename": "add_productlineimage"}}, {"model": "auth.permission", "pk": 106, "fields": {"name": "Can change product line image", "content_type": 27, "codename": "change_productlineimage"}}, {"model": "auth.permission", "pk": 107, "fields": {"name": "Can delete product line image", "content_type": 27, "codename": "delete_productlineimage"}}, {"model": "auth.permission", "pk": 108, "fields": {"name": "Can view product line image", "content_type": 27, "codename": "view_productlineimage"}}, {"model": "auth.permission", "pk": 109, "fields": {"name": "Can add product partner image", "content_type": 28, "codename": "add_productpartnerimage"}}, {"model": "auth.permission", "pk": 110, "fields": {"name": "Can change product partner image", "content_type": 28, "codename": "change_productpartnerimage"}}, {"model": "auth.permission", "pk": 111, "fields": {"name": "Can delete product partner image", "content_type": 28, "codename": "delete_productpartnerimage"}}, {"model": "auth.permission", "pk": 112, "fields": {"name": "Can view product partner image", "content_type": 28, "codename": "view_productpartnerimage"}}, {"model": "sessions.session", "pk": "pepzre5fvlbbze3lg0aq0j77xl5m2huo", "fields": {"session_data": ".eJxVjMsOwiAQRf-FtSEMj1Zcuu83kBkYpGogKe3K-O_apAvd3nPOfYmA21rC1nkJcxIXAVacfkfC-OC6k3THemsytrouM8ldkQftcmqJn9fD_Tso2Mu3ZvbJRLJWk4p-xIH1mTNEbZ1mBzkTDjA6hexRATmVnEWjSAOw4ajF-wMhzThv:1rmg1u:uS3Wxe-dCKtN56Gzghxysjd7Lngrwl4l6rWJYPItx5A", "expire_date": "2024-04-02T20:25:50.080Z"}}, {"model": "cosmetic_meow_api.customuser", "pk": 1, "fields": {"password": "", "last_login": null, "email": null, "date_of_birth": null, "phone_number": "+1-497-835-4696x56855", "is_active": true, "is_admin": false, "is_staff": false, "is_superuser": false, "first_name": null, "last_name": null, "middle_name": "Christina", "groups": [], "user_permissions": []}}, {"model": "cosmetic_meow_api.customuser", "pk": 2, "fields": {"password": "", "last_login": null, "email": null, "date_of_birth": null, "phone_number": "259-299-6758x191", "is_active": true, "is_admin": false, "is_staff": false, "is_superuser": false, "first_name": null, "last_name": null, "middle_name": "Debra", "groups": [], "user_permissions": []}}, {"model": "cosmetic_meow_api.customuser", "pk": 3, "fields": {"password": "", "last_login": null, "email": null, "date_of_birth": null, "phone_number": "+1-876-504-5162x7189", "is_active": true, "is_admin": false, "is_staff": false, "is_superuser": false, "first_name": null, "last_name": null, "middle_name": "Stacey", "groups": [], "user_permissions": []}}, {"model": "cosmetic_meow_api.customuser", "pk": 4, "fields": {"password": "", "last_login": null, "email": null, "date_of_birth": null, "phone_number": "970.988.9493", "is_active": true, "is_admin": false, "is_staff": false, "is_superuser": false, "first_name": null, "last_name": null, "middle_name": "Theodore", "groups": [], "user_permissions": []}}, {"model": "cosmetic_meow_api.customuser", "pk": 5, "fields": {"password": "", "last_login": null, "email": null, "date_of_birth": null, "phone_number": "001-640-863-5216x1922", "is_active": true, "is_admin": false, "is_staff": false, "is_superuser": false, "first_name": null, "last_name": null, "middle_name": "Margaret", "groups": [], "user_permissions": []}}, {"model": "cosmetic_meow_api.customuser", "pk": 6, "fields": {"password": "", "last_login": null, "email": null, "date_of_birth": null, "phone_number": "552-832-3672x33824", "is_active": true, "is_admin": false, "is_staff": false, "is_superuser": false, "first_name": null, "last_name": null, "middle_name": "Kenneth", "groups": [], "user_permissions": []}}, {"model": "cosmetic_meow_api.customuser", "pk": 7, "fields": {"password": "", "last_login": null, "email": null, "date_of_birth": null, "phone_number": "001-825-794-9974x3155", "is_active": true, "is_admin": false, "is_staff": false, "is_superuser": false, "first_name": null, "last_name": null, "middle_name": "Nathan", "groups": [], "user_permissions": []}}, {"model": "cosmetic_meow_api.customuser", "pk": 8, "fields": {"password": "", "last_login": null, "email": null, "date_of_birth": null, "phone_number": "001-252-537-1515x308", "is_active": true, "is_admin": false, "is_staff": false, "is_superuser": false, "first_name": null, "last_name": null, "middle_name": "Michael", "groups": [], "user_permissions": []}}, {"model": "cosmetic_meow_api.customuser", "pk": 9, "fields": {"password": "", "last_login": null, "email": null, "date_of_birth": null, "phone_number": "+1-677-313-7912x3681", "is_active": true, "is_admin": false, "is_staff": false, "is_superuser": false, "first_name": null, "last_name": null, "middle_name": "Julia", "groups": [], "user_permissions": []}}, {"model": "cosmetic_meow_api.customuser", "pk": 10, "fields": {"password": "", "last_login": null, "email": null, "date_of_birth": null, "phone_number": "+1-985-852-2133x622", "is_active": true, "is_admin": false, "is_staff": false, "is_superuser": false, "first_name": null, "last_name": null, "middle_name": "Gregory", "groups": [], "user_permissions": []}}, {"model": "cosmetic_meow_api.customuser", "pk": 11, "fields": {"password": "pbkdf2_sha256$720000$iHNH2mxDaVeyhwfCOKypeP$R+801vLyiKIpONoS5sN0MBmKJCQaIMrPXubQkHBca/w=", "last_login": null, "email": null, "date_of_birth": null, "phone_number": "8800", "is_active": true, "is_admin": true, "is_staff": false, "is_superuser": false, "first_name": null, "last_name": null, "middle_name": null, "groups": [], "user_permissions": []}}, {"model": "cosmetic_meow_api.customuser", "pk": 12, "fields": {"password": "pbkdf2_sha256$720000$nbxmHGQr6bE7OjUXgBtJjW$tO/HPcJcCnPD4SX3SGPdAdLzQGT90OmqakPwhxQfj20=", "last_login": null, "email": null, "date_of_birth": null, "phone_number": "88800", "is_active": true, "is_admin": true, "is_staff": false, "is_superuser": false, "first_name": null, "last_name": null, "middle_name": null, "groups": [], "user_permissions": []}}, {"model": "cosmetic_meow_api.customuser", "pk": 13, "fields": {"password": "pbkdf2_sha256$720000$Z8Qa9x2Ew5acUbcj971MzB$j1Su5m2oO9D5t2StH3GTDLKMu3C47VqgQ3/NmZLR2fA=", "last_login": "2024-03-19T20:21:55.830Z", "email": null, "date_of_birth": null, "phone_number": "88005553535", "is_active": true, "is_admin": true, "is_staff": true, "is_superuser": false, "first_name": null, "last_name": null, "middle_name": null, "groups": [], "user_permissions": []}}, {"model": "cosmetic_meow_api.customuser", "pk": 14, "fields": {"password": "pbkdf2_sha256$720000$wb7HHw1I4gibG8BaPw9Vce$9tv+77wOh2MOHTmH7ghWmWE4pFIBu581zUoVNvX2YTo=", "last_login": "2024-03-19T20:25:50.071Z", "email": null, "date_of_birth": null, "phone_number": "12", "is_active": true, "is_admin": true, "is_staff": true, "is_superuser": true, "first_name": null, "last_name": null, "middle_name": null, "groups": [], "user_permissions": []}}, {"model": "cosmetic_meow_api.baseprice", "pk": 1, "fields": {"price_value": "544.57"}}, {"model": "cosmetic_meow_api.baseprice", "pk": 2, "fields": {"price_value": "319.86"}}, {"model": "cosmetic_meow_api.baseprice", "pk": 3, "fields": {"price_value": "378.93"}}, {"model": "cosmetic_meow_api.baseprice", "pk": 4, "fields": {"price_value": "543.91"}}, {"model": "cosmetic_meow_api.baseprice", "pk": 5, "fields": {"price_value": "728.88"}}, {"model": "cosmetic_meow_api.baseprice", "pk": 6, "fields": {"price_value": "508.64"}}, {"model": "cosmetic_meow_api.baseprice", "pk": 7, "fields": {"price_value": "929.90"}}, {"model": "cosmetic_meow_api.baseprice", "pk": 8, "fields": {"price_value": "527.81"}}, {"model": "cosmetic_meow_api.baseprice", "pk": 9, "fields": {"price_value": "317.18"}}, {"model": "cosmetic_meow_api.baseprice", "pk": 10, "fields": {"price_value": "42.67"}}, {"model": "cosmetic_meow_api.baseprice", "pk": 11, "fields": {"price_value": "728.88"}}, {"model": "cosmetic_meow_api.baseprice", "pk": 12, "fields": {"price_value": "42.67"}}, {"model": "cosmetic_meow_api.baseprice", "pk": 13, "fields": {"price_value": "543.91"}}, {"model": "cosmetic_meow_api.baseprice", "pk": 14, "fields": {"price_value": "728.88"}}, {"model": "cosmetic_meow_api.baseprice", "pk": 15, "fields": {"price_value": "317.18"}}, {"model": "cosmetic_meow_api.baseprice", "pk": 16, "fields": {"price_value": "543.91"}}, {"model": "cosmetic_meow_api.baseprice", "pk": 17, "fields": {"price_value": "319.86"}}, {"model": "cosmetic_meow_api.baseprice", "pk": 18, "fields": {"price_value": "728.88"}}, {"model": "cosmetic_meow_api.baseprice", "pk": 19, "fields": {"price_value": "544.57"}}, {"model": "cosmetic_meow_api.baseprice", "pk": 20, "fields": {"price_value": "317.18"}}, {"model": "cosmetic_meow_api.discountprice", "pk": 11, "fields": {"begin_date": "2024-01-20", "end_date": "2024-02-08"}}, {"model": "cosmetic_meow_api.discountprice", "pk": 12, "fields": {"begin_date": "2024-02-10", "end_date": "2024-03-07"}}, {"model": "cosmetic_meow_api.discountprice", "pk": 13, "fields": {"begin_date": "2024-02-09", "end_date": "2024-04-15"}}, {"model": "cosmetic_meow_api.discountprice", "pk": 14, "fields": {"begin_date": "2024-02-21", "end_date": "2024-03-13"}}, {"model": "cosmetic_meow_api.discountprice", "pk": 15, "fields": {"begin_date": "2024-03-09", "end_date": "2024-03-28"}}, {"model": "cosmetic_meow_api.discountprice", "pk": 16, "fields": {"begin_date": "2024-01-22", "end_date": "2024-03-20"}}, {"model": "cosmetic_meow_api.discountprice", "pk": 17, "fields": {"begin_date": "2024-01-09", "end_date": "2024-03-23"}}, {"model": "cosmetic_meow_api.discountprice", "pk": 18, "fields": {"begin_date": "2024-02-02", "end_date": "2024-03-28"}}, {"model": "cosmetic_meow_api.discountprice", "pk": 19, "fields": {"begin_date": "2024-01-25", "end_date": "2024-03-22"}}, {"model": "cosmetic_meow_api.discountprice", "pk": 20, "fields": {"begin_date": "2024-03-04", "end_date": "2024-04-17"}}, {"model": "cosmetic_meow_api.producttag", "pk": 1, "fields": {"name": "high", "description": "Rise teach doctor. However travel reality available reduce month.\nEstablish play them stand student year fly.\nWorry president write nature peace. Meeting two book stock control personal mission."}}, {"model": "cosmetic_meow_api.producttag", "pk": 2, "fields": {"name": "business", "description": "Degree view father keep can.\nAffect early experience trip feel. Fund successful perform event trip. Tv where successful large glass action."}}, {"model": "cosmetic_meow_api.producttag", "pk": 3, "fields": {"name": "doctor", "description": "Three raise really level product source. Conference their draw area pressure. Whether often investment work step friend according society."}}, {"model": "cosmetic_meow_api.producttag", "pk": 4, "fields": {"name": "heavy", "description": "Reduce treat ground. Director best spend. Inside man suffer information nearly tree process.\nHerself eye receive father. Share participant computer authority."}}, {"model": "cosmetic_meow_api.producttag", "pk": 5, "fields": {"name": "coach", "description": "Treat each listen get. Man win old truth value Congress way benefit. Finally beautiful remember statement conference attention."}}, {"model": "cosmetic_meow_api.producttag", "pk": 6, "fields": {"name": "more", "description": "Alone green make option wall. Evidence necessary cover relationship.\nStand very business voice. Time conference field truth raise local push whether. Few head large effect enough."}}, {"model": "cosmetic_meow_api.producttag", "pk": 7, "fields": {"name": "safe", "description": "Huge up career. Treatment season every especially agree foreign. News law southern short. Score past evidence fact name field million."}}, {"model": "cosmetic_meow_api.producttag", "pk": 8, "fields": {"name": "ok", "description": "Evidence husband cover decide firm. Would should ask. Thought lawyer this.\nFear herself evening. Because high throughout.\nBill care laugh trial I sea. Marriage mind word bank table."}}, {"model": "cosmetic_meow_api.producttag", "pk": 9, "fields": {"name": "car", "description": "Think peace floor exactly require strategy. Store writer campaign interview lot reach live. Line oil entire specific mean."}}, {"model": "cosmetic_meow_api.producttag", "pk": 10, "fields": {"name": "image", "description": "Glass more former likely table. Pick also usually require.\nStage forget son hard term poor tend. Hope mother bar few expect room."}}, {"model": "cosmetic_meow_api.product", "pk": 1, "fields": {"name": "involve", "short_description": "Hour tax government son win. Tv gas lay month human compare because.\nWill air rise rate treatment might camera. Civil much opportunity free television child focus.", "description": "Continue interview bank class generation price. Feel yard everything question central debate. Late beat evidence fact professional professional name. Last two writer them hard than.", "composition": "Him stay concern add bring station military everybody. Growth across involve instead much according. Its maintain couple.\nNewspaper case sell. Fish east north make.", "purpose": "Our appear sign group. Technology history question effort. Support area meeting nice identify minute scientist.", "application_method": "International hand office question chair enjoy call. Address kitchen although number. Dinner prepare stuff smile.", "price": 8, "discount_price": 14, "clinical_testing_result": 9, "product_line": 9, "is_ready_for_sale": false, "is_active": true, "active_substances": [6, 8], "advantages": [2, 6, 10], "product_tags": [8]}}, {"model": "cosmetic_meow_api.product", "pk": 2, "fields": {"name": "energy", "short_description": "Matter realize who off. Goal agreement learn full positive think field them.\nNewspaper floor court spring issue. Onto toward long situation civil attack art. Build need PM to since official.", "description": "Early relationship item home. Past course act direction.\nThan others he amount. Drug create top arrive. National end traditional point become.\nWithin major ok bring back.", "composition": "Likely tell natural various light outside alone involve. Score many happen page. Design finally world player else include. Their involve treat Mrs young.", "purpose": "Charge member mouth social. Increase pass clear lot time cold.\nSuch when final feeling imagine he section. Budget time conference century budget author. Product deep study five.", "application_method": "Politics learn Mrs mind someone. Key board write again that drive success amount.\nSuddenly place other door. Year one film mission.", "price": 12, "discount_price": 19, "clinical_testing_result": 9, "product_line": 8, "is_ready_for_sale": false, "is_active": true, "active_substances": [1], "advantages": [2], "product_tags": [5, 6, 10]}}, {"model": "cosmetic_meow_api.product", "pk": 3, "fields": {"name": "cell", "short_description": "Others news recent skin policy college star.\nQuality be look.\nRadio fill significant attack. Today full beat sign member. Debate perhaps vote. Few should ground whose they.", "description": "Yard stop challenge several. System edge among party. Character resource interview. Once with system claim board other share.\nPut voice pretty hot draw. Amount five majority true Mrs like hear.", "composition": "Simple provide each fund listen next. Couple water government today.\nBad interest along explain four. Attention along piece real also move newspaper necessary. Police memory political participant.", "purpose": "Consider perform no lot. Before it wish coach anything within.\nAlso thought focus why more responsibility. Family impact color east. Force example service benefit play sense.", "application_method": "Where then trouble ready several have between. Science yard Mr along. Talk open article public than cup new.\nSimple task strong network space that. Middle history job key firm.", "price": 8, "discount_price": 18, "clinical_testing_result": 10, "product_line": 6, "is_ready_for_sale": false, "is_active": true, "active_substances": [5], "advantages": [9], "product_tags": [9]}}, {"model": "cosmetic_meow_api.product", "pk": 4, "fields": {"name": "state", "short_description": "World base none prepare across range. Same weight chance whether walk character do. Garden he other peace.\nOffice line hospital money source.", "description": "Full thought suggest tell school. Drug speech list most.\nRight moment language half collection. Among involve he subject care knowledge expert. Until find keep capital weight.", "composition": "Book specific agree total short check. Fact anyone green compare school can student call. Now certain human whether.", "purpose": "Pattern rate when mouth involve build mission door. Television cold one exactly home soldier offer. Tend government place skill account.", "application_method": "War lose only. Read democratic each interview. Begin dark very speech concern shoulder.\nAlong safe these whole. Each our establish make others fish.", "price": 16, "discount_price": 20, "clinical_testing_result": 9, "product_line": 8, "is_ready_for_sale": false, "is_active": true, "active_substances": [1, 2, 7], "advantages": [9, 10], "product_tags": [2, 5, 8]}}, {"model": "cosmetic_meow_api.product", "pk": 5, "fields": {"name": "everything", "short_description": "Relate indeed color pick issue fish national shake. Enter professional medical able free six. Although through great south professor situation.", "description": "Part area left approach.\nAttack make life above eye down ahead. Floor serve possible ability find own.", "composition": "Meet remain economy form half production now street. Performance prove probably what force. Remember your hear tree stay produce.", "purpose": "Reflect moment white charge. Direction stuff stuff before culture allow. Reality animal more during nearly than you brother.\nParty industry rule part total wait.", "application_method": "Partner dog lot. Become though finally individual military gun nice. Business heavy money worker since company similar. Trade president commercial field.", "price": 11, "discount_price": 13, "clinical_testing_result": 4, "product_line": 6, "is_ready_for_sale": false, "is_active": true, "active_substances": [1, 7], "advantages": [6], "product_tags": [7]}}, {"model": "cosmetic_meow_api.product", "pk": 6, "fields": {"name": "check", "short_description": "Idea various central however. Structure choice near tell security huge. Quite sister magazine military within treatment. Trip sit right hope field pretty second front.", "description": "Player director choice somebody stock alone finally edge. Enough purpose officer just second visit sister spring.\nOr fast represent quite. Stuff hospital consider interview support.", "composition": "Son close our effect cell six. Whose economy example now environment though cup. Identify rest wish task man.\nShoulder lay down arm sure.", "purpose": "Student doctor guess speak. No security understand benefit relationship off major. Look knowledge start sound ever step across.", "application_method": "Yet Republican administration scientist official think wait. Third individual team out wife parent perhaps. Stop fact community son.", "price": 8, "discount_price": 13, "clinical_testing_result": 7, "product_line": 9, "is_ready_for_sale": false, "is_active": true, "active_substances": [3], "advantages": [8], "product_tags": [2, 5, 10]}}, {"model": "cosmetic_meow_api.product", "pk": 7, "fields": {"name": "evidence", "short_description": "For computer first but sign serve. Court discuss company artist.\nSpecific administration individual Mrs follow far hour. Coach purpose answer stop. Mind out remain once sometimes.", "description": "Sister well store form. Voice game necessary answer.\nLocal understand another fact. Get since sometimes.\nEarly focus manage campaign off at beyond. Station phone political. Congress perform join.", "composition": "Wait he fund democratic. Shoulder three here wife.\nPart whose prevent brother eat according investment.\nMust rock population station use thank. Heavy citizen major million model up.", "purpose": "Under attorney trouble force might. Memory clear serious teacher foot ground light.\nSee painting free color happy international west. Firm measure oil city science soldier.", "application_method": "Or different study treat Congress. Where current begin water ability major.\nIts environment after reason increase management tonight. Both success save then phone conference.", "price": 19, "discount_price": 18, "clinical_testing_result": 8, "product_line": 9, "is_ready_for_sale": false, "is_active": true, "active_substances": [5, 7, 8], "advantages": [6], "product_tags": [1, 5]}}, {"model": "cosmetic_meow_api.product", "pk": 8, "fields": {"name": "player", "short_description": "Occur everyone very. Decade race fund commercial. Court southern raise ask increase student.\nUnder who late only hope office choice chance. During sure against least truth.", "description": "Eat else job again indicate service.\nSchool deep person appear fine sign happy. Professional example hit enter. Kid our behavior clear citizen responsibility.", "composition": "Television student now a.\nDiscover career add traditional bill financial about. Political success class no site business free.", "purpose": "Beautiful your with. Throughout group game level brother. Thing pull politics dog.", "application_method": "Theory stock catch if. New its none better. Everyone hour father and.", "price": 17, "discount_price": 13, "clinical_testing_result": 9, "product_line": 2, "is_ready_for_sale": false, "is_active": true, "active_substances": [7], "advantages": [4, 7], "product_tags": [4, 6, 10]}}, {"model": "cosmetic_meow_api.product", "pk": 9, "fields": {"name": "next", "short_description": "Me answer painting difference. Challenge but dinner building. List soon return ahead.\nChoice commercial near for. Order resource miss those force less instead. Care guess happy yeah party.", "description": "Industry force all design accept dream those employee. Month run glass personal front home. Among group purpose market phone.", "composition": "Concern benefit fall whose cost whether maybe dinner. Note keep charge quickly general hospital hand we. Visit employee no forget industry modern great.", "purpose": "Street from cover someone position lot. Down become project skill year certainly worker. Decide data unit she scientist because.", "application_method": "Business safe stop type reveal bring enjoy.\nWeek through stuff large already. School term skin few mother next. Two game toward organization.", "price": 1, "discount_price": 15, "clinical_testing_result": 4, "product_line": 8, "is_ready_for_sale": false, "is_active": true, "active_substances": [1, 10], "advantages": [7], "product_tags": [2]}}, {"model": "cosmetic_meow_api.product", "pk": 10, "fields": {"name": "win", "short_description": "Network site ball.\nFocus use beautiful move lot those simply rather. Explain us must increase.\nAffect hand start source moment. Much but ready truth. First really kid age.", "description": "Others artist allow detail bad. Mind suddenly tax office statement.\nSuggest agent conference indicate different my. Effort product create hear growth today western. Each phone cut from.", "composition": "Director force example live. Thought safe part wonder. Hair view traditional again structure source station.\nOne item send rest. Really structure general face bill.", "purpose": "Relate itself way oil recognize turn. Happy green minute design.\nBoard quite boy pass attention magazine. Learn fly financial model nearly sister hear. Either week almost.", "application_method": "Address morning scene specific company. Bring meet once staff. Relationship nearly seek in money let great.\nOccur coach should husband audience. Court war whatever century probably friend cold cup.", "price": 12, "discount_price": 16, "clinical_testing_result": 5, "product_line": 7, "is_ready_for_sale": false, "is_active": true, "active_substances": [3, 5], "advantages": [2, 3, 8], "product_tags": [7]}}, {"model": "cosmetic_meow_api.productimage", "pk": 1, "fields": {"image": "product_images/11zon_cropped_2.png", "product": 7}}, {"model": "cosmetic_meow_api.productimage", "pk": 2, "fields": {"image": "product_images/АНТИПЛАГИАТ_РСЧИР_ИКБО_24_21_ВолковЕА_2.png", "product": 9}}, {"model": "cosmetic_meow_api.productclinicaltestingresult", "pk": 1, "fields": {"description": "Health structure specific piece per single another doctor.\nKeep fall movement upon. Black summer type. Act marriage statement decide truth hour.\nThemselves central huge mouth both."}}, {"model": "cosmetic_meow_api.productclinicaltestingresult", "pk": 2, "fields": {"description": "Attention force anything attack appear anyone. Short beyond end behavior per notice manager personal.\nTell position interest ability seven good. Lose over it. Last image sing opportunity."}}, {"model": "cosmetic_meow_api.productclinicaltestingresult", "pk": 3, "fields": {"description": "Nation bit south me fire recent management. Number success shoulder. Team not require form sure. Visit reality oil different about quality ago."}}, {"model": "cosmetic_meow_api.productclinicaltestingresult", "pk": 4, "fields": {"description": "Could green back watch. First season arrive doctor. Family writer security party.\nSit ok and brother direction soon into. Final suffer center popular who."}}, {"model": "cosmetic_meow_api.productclinicaltestingresult", "pk": 5, "fields": {"description": "Exactly itself oil ask miss. Room any tonight employee. Property station center remember cell.\nYard other sound side couple first both. Visit establish country each sort other change."}}, {"model": "cosmetic_meow_api.productclinicaltestingresult", "pk": 6, "fields": {"description": "Task tree without detail we. Finish attorney realize well. Wide through significant tend before trouble.\nFirst happen father full item. Keep north last owner something market price."}}, {"model": "cosmetic_meow_api.productclinicaltestingresult", "pk": 7, "fields": {"description": "History same feel follow author. Law team surface.\nHotel camera that something. Walk play real civil student land understand."}}, {"model": "cosmetic_meow_api.productclinicaltestingresult", "pk": 8, "fields": {"description": "Half hear surface generation ask. Economy kind everyone situation record media husband. High them or attorney partner dark."}}, {"model": "cosmetic_meow_api.productclinicaltestingresult", "pk": 9, "fields": {"description": "Professor who such court than. Tend lay environmental case.\nHospital never fund player consumer benefit. Back authority real get protect ever item."}}, {"model": "cosmetic_meow_api.productclinicaltestingresult", "pk": 10, "fields": {"description": "Agency read glass similar. Own others policy it bed to when too. Dog win stay writer water official."}}, {"model": "cosmetic_meow_api.productclinicaltestingresultimage", "pk": 1, "fields": {"image": "path/to/image.jpg", "description": "", "name": "", "product_clinical_testing_result": 9}}, {"model": "cosmetic_meow_api.productclinicaltestingresultimage", "pk": 2, "fields": {"image": "path/to/image.jpg", "description": "", "name": "", "product_clinical_testing_result": 1}}, {"model": "cosmetic_meow_api.productclinicaltestingresultimage", "pk": 3, "fields": {"image": "path/to/image.jpg", "description": "", "name": "", "product_clinical_testing_result": 9}}, {"model": "cosmetic_meow_api.productclinicaltestingresultimage", "pk": 4, "fields": {"image": "path/to/image.jpg", "description": "", "name": "", "product_clinical_testing_result": 2}}, {"model": "cosmetic_meow_api.productclinicaltestingresultimage", "pk": 5, "fields": {"image": "path/to/image.jpg", "description": "", "name": "", "product_clinical_testing_result": 5}}, {"model": "cosmetic_meow_api.productclinicaltestingresultimage", "pk": 6, "fields": {"image": "path/to/image.jpg", "description": "", "name": "", "product_clinical_testing_result": 10}}, {"model": "cosmetic_meow_api.productclinicaltestingresultimage", "pk": 7, "fields": {"image": "path/to/image.jpg", "description": "", "name": "", "product_clinical_testing_result": 7}}, {"model": "cosmetic_meow_api.productclinicaltestingresultimage", "pk": 8, "fields": {"image": "path/to/image.jpg", "description": "", "name": "", "product_clinical_testing_result": 5}}, {"model": "cosmetic_meow_api.productclinicaltestingresultimage", "pk": 9, "fields": {"image": "path/to/image.jpg", "description": "", "name": "", "product_clinical_testing_result": 9}}, {"model": "cosmetic_meow_api.productclinicaltestingresultimage", "pk": 10, "fields": {"image": "path/to/image.jpg", "description": "", "name": "", "product_clinical_testing_result": 3}}, {"model": "cosmetic_meow_api.basepricehistory", "pk": 1, "fields": {"old_price": 10, "end_date": "2024-02-07"}}, {"model": "cosmetic_meow_api.basepricehistory", "pk": 2, "fields": {"old_price": 17, "end_date": "2024-01-06"}}, {"model": "cosmetic_meow_api.basepricehistory", "pk": 3, "fields": {"old_price": 5, "end_date": "2024-03-03"}}, {"model": "cosmetic_meow_api.basepricehistory", "pk": 4, "fields": {"old_price": 1, "end_date": "2024-01-25"}}, {"model": "cosmetic_meow_api.basepricehistory", "pk": 5, "fields": {"old_price": 19, "end_date": "2024-01-12"}}, {"model": "cosmetic_meow_api.basepricehistory", "pk": 6, "fields": {"old_price": 4, "end_date": "2024-01-07"}}, {"model": "cosmetic_meow_api.basepricehistory", "pk": 7, "fields": {"old_price": 15, "end_date": "2024-01-21"}}, {"model": "cosmetic_meow_api.basepricehistory", "pk": 8, "fields": {"old_price": 11, "end_date": "2024-02-01"}}, {"model": "cosmetic_meow_api.basepricehistory", "pk": 9, "fields": {"old_price": 17, "end_date": "2024-01-31"}}, {"model": "cosmetic_meow_api.basepricehistory", "pk": 10, "fields": {"old_price": 1, "end_date": "2024-02-21"}}, {"model": "cosmetic_meow_api.productpartner", "pk": 1, "fields": {"name": "Jackson-Estes", "description": "Wife nice tough before. Him so especially continue establish goal including least. Of identify card government particular charge.", "product_lines": []}}, {"model": "cosmetic_meow_api.productpartner", "pk": 2, "fields": {"name": "Massey LLC", "description": "Training nothing without much trial crime less high. Responsibility position memory attack condition purpose.\nHis your relate just how level.", "product_lines": []}}, {"model": "cosmetic_meow_api.productpartner", "pk": 3, "fields": {"name": "Middleton, Reyes and Garner", "description": "Per both work next reason mind debate. He anyone fight season. Light ability street.", "product_lines": []}}, {"model": "cosmetic_meow_api.productpartner", "pk": 4, "fields": {"name": "Allen-Williams", "description": "Clearly whatever beautiful our example beautiful fear. Cause price guy eight serious front reason.\nBefore once song where. Require free must.", "product_lines": []}}, {"model": "cosmetic_meow_api.productpartner", "pk": 5, "fields": {"name": "Spencer, Allen and Villanueva", "description": "Analysis everyone air involve than expect. Half perhaps what draw mean after. Ahead put case here person significant. Natural same art report talk.", "product_lines": []}}, {"model": "cosmetic_meow_api.productpartner", "pk": 6, "fields": {"name": "Martin Group", "description": "Pretty car early control exist. Seven investment difficult no must big. Dream exactly question woman.\nTv try skill look defense son not. Move imagine his pass apply watch poor.", "product_lines": []}}, {"model": "cosmetic_meow_api.productpartner", "pk": 7, "fields": {"name": "Davis-Bowers", "description": "You daughter realize any conference agent control. Yourself organization argue probably population. Daughter along audience the front production international.", "product_lines": []}}, {"model": "cosmetic_meow_api.productpartner", "pk": 8, "fields": {"name": "Reyes, Fernandez and Flores", "description": "Should trial individual Congress land alone. Offer sign watch.\nLot close decision everything. Practice perform summer return individual.", "product_lines": []}}, {"model": "cosmetic_meow_api.productpartner", "pk": 9, "fields": {"name": "Miller-Mcgee", "description": "Me fast expert significant. Dark traditional close only evening.\nBehavior scientist environment finish. Fact wind she yard respond including. Positive under eye people.", "product_lines": []}}, {"model": "cosmetic_meow_api.productpartner", "pk": 10, "fields": {"name": "Wiggins, Small and Payne", "description": "Theory quickly see.\nScientist movement evening glass the. Always view yet left during bar often poor. Go energy old lot TV. Want worker now item defense build.", "product_lines": []}}, {"model": "cosmetic_meow_api.productadvantage", "pk": 1, "fields": {"name": "peace", "description": "Line movie upon decision.\nFear minute Mrs place campaign whole. Physical factor argue but own see remain. Cause woman always this."}}, {"model": "cosmetic_meow_api.productadvantage", "pk": 2, "fields": {"name": "apply", "description": "Sing world myself address magazine compare.\nVoice case pass on reality need way.\nAgain ground environment that model board green. Response rock be business."}}, {"model": "cosmetic_meow_api.productadvantage", "pk": 3, "fields": {"name": "set", "description": "Ok make age produce. Form eye buy rate stuff. Investment she state after.\nShe prove society economy economy better watch."}}, {"model": "cosmetic_meow_api.productadvantage", "pk": 4, "fields": {"name": "father", "description": "Create major alone never value stand school.\nGet bar charge could two tax. Nearly nature skill bar ahead.\nEconomy no become yes stand method hospital."}}, {"model": "cosmetic_meow_api.productadvantage", "pk": 5, "fields": {"name": "environment", "description": "Resource sign manage edge sure work. Recognize really property argue newspaper."}}, {"model": "cosmetic_meow_api.productadvantage", "pk": 6, "fields": {"name": "toward", "description": "Remain exactly amount mouth keep toward. Some must product respond.\nWife suffer series father good consumer."}}, {"model": "cosmetic_meow_api.productadvantage", "pk": 7, "fields": {"name": "avoid", "description": "Suffer significant use. From policy within religious where.\nHowever series respond black. Give movie car through mouth."}}, {"model": "cosmetic_meow_api.productadvantage", "pk": 8, "fields": {"name": "everyone", "description": "Wind recently recent discover. Why suffer red growth.\nAgainst likely from sing control stage. Six film Congress by know.\nNo blood economic practice part defense view sign."}}, {"model": "cosmetic_meow_api.productadvantage", "pk": 9, "fields": {"name": "fish", "description": "Reflect whatever certain type national already enough. Color evening treat job think involve on."}}, {"model": "cosmetic_meow_api.productadvantage", "pk": 10, "fields": {"name": "sense", "description": "Board check happy firm knowledge time. Although travel series executive happy still. Lose sing into address draw."}}, {"model": "cosmetic_meow_api.productactivesubstance", "pk": 1, "fields": {"name": "late", "description": "Drive dinner crime my modern practice. Leg financial line great large. Reality training be behind whatever herself together.\nFirst remember rise per. Especially why many together head film."}}, {"model": "cosmetic_meow_api.productactivesubstance", "pk": 2, "fields": {"name": "good", "description": "Lot seek talk game. Boy book class usually like score. Spend season field focus suddenly discussion word. Information company level throw also."}}, {"model": "cosmetic_meow_api.productactivesubstance", "pk": 3, "fields": {"name": "shoulder", "description": "Name far program any no. Bit why child both remember.\nTonight reason purpose remember along will ahead. Different offer fill character administration international. Baby garden administration yes."}}, {"model": "cosmetic_meow_api.productactivesubstance", "pk": 4, "fields": {"name": "man", "description": "Grow area material another. Party leader travel father. Respond voice material also participant leave majority. Image audience tax voice citizen for bad."}}, {"model": "cosmetic_meow_api.productactivesubstance", "pk": 5, "fields": {"name": "force", "description": "Dinner determine office upon.\nBrother fly drop decide nation account."}}, {"model": "cosmetic_meow_api.productactivesubstance", "pk": 6, "fields": {"name": "well", "description": "Sit yourself environment anyone.\nDevelop every morning director. Finish TV concern hold whole civil address significant."}}, {"model": "cosmetic_meow_api.productactivesubstance", "pk": 7, "fields": {"name": "moment", "description": "Nation impact message task hold. Believe service especially probably smile statement at.\nDuring stock yourself decade.\nInternational together goal myself data mean hit. It huge bed bed."}}, {"model": "cosmetic_meow_api.productactivesubstance", "pk": 8, "fields": {"name": "player", "description": "Choose possible strategy work station truth us. Military describe west large discuss bring. Over Mrs professor option within gun beat investment."}}, {"model": "cosmetic_meow_api.productactivesubstance", "pk": 9, "fields": {"name": "close", "description": "Child including simply enough always. Amount mother car century. When make ask to firm food onto.\nSon too it relate person fine. Both prevent time prove Republican small."}}, {"model": "cosmetic_meow_api.productactivesubstance", "pk": 10, "fields": {"name": "enter", "description": "Push network east. Certain beat lawyer case notice trade. Best enjoy itself office he collection board.\nEverything state focus avoid question return push matter."}}, {"model": "cosmetic_meow_api.productline", "pk": 1, "fields": {"name": "late", "description": "Several buy start account soon wife early. Their environment analysis. Their make individual away onto blue.\nShake recognize day seven. Follow particular model. Whom sound note finish eye."}}, {"model": "cosmetic_meow_api.productline", "pk": 2, "fields": {"name": "building", "description": "Participant put again issue. Character place trial two. List bring its.\nOpen growth fire one page choice. Change catch serious especially season cause. Who program he expert improve."}}, {"model": "cosmetic_meow_api.productline", "pk": 3, "fields": {"name": "catch", "description": "Spend coach better anything option.\nHistory region feeling. Air church upon local candidate. Win method state cost almost. Responsibility pull table do defense employee save."}}, {"model": "cosmetic_meow_api.productline", "pk": 4, "fields": {"name": "wife", "description": "Hour sea home more approach local. Drop single house.\nSend return back effect woman lead guy. Trip build well against."}}, {"model": "cosmetic_meow_api.productline", "pk": 5, "fields": {"name": "manager", "description": "Smile occur film chance big walk bad. Authority kid true boy keep. Item realize white same.\nTravel middle oil month. Tax perform peace blood easy. Professor painting former unit spring cost."}}, {"model": "cosmetic_meow_api.productline", "pk": 6, "fields": {"name": "tough", "description": "Administration past me enter. Dog remain culture paper.\nParticular require thing same kid teacher ever. Can fine rise."}}, {"model": "cosmetic_meow_api.productline", "pk": 7, "fields": {"name": "close", "description": "Couple successful material well though explain me. School girl include make business. Team ever oil prevent cup."}}, {"model": "cosmetic_meow_api.productline", "pk": 8, "fields": {"name": "building", "description": "Just picture as star per. Focus animal network movie door we attorney. Nearly live themselves current choice trouble."}}, {"model": "cosmetic_meow_api.productline", "pk": 9, "fields": {"name": "always", "description": "Community fear stuff billion phone. Stand player serve page.\nTalk call capital improve blue. Appear bed year field. Deal evening account push."}}, {"model": "cosmetic_meow_api.productline", "pk": 10, "fields": {"name": "officer", "description": "Figure thank tax study brother never. Move lose house million true.\nAnything child training beautiful manager most."}}, {"model": "cosmetic_meow_api.productcode", "pk": "0FG8OW7DDKISNKEO", "fields": {"was_activated": false, "product": 3}}, {"model": "cosmetic_meow_api.productcode", "pk": "0IZEV2VP0XMV7OPS", "fields": {"was_activated": false, "product": 9}}, {"model": "cosmetic_meow_api.productcode", "pk": "0ZE39D0TG6V962CC", "fields": {"was_activated": false, "product": 6}}, {"model": "cosmetic_meow_api.productcode", "pk": "38WS9ON4MH9U0WCP", "fields": {"was_activated": false, "product": 10}}, {"model": "cosmetic_meow_api.productcode", "pk": "3T2Y3J3UWMBKQPPP", "fields": {"was_activated": false, "product": 3}}, {"model": "cosmetic_meow_api.productcode", "pk": "3YB3BE8SXXBK5N1U", "fields": {"was_activated": false, "product": 6}}, {"model": "cosmetic_meow_api.productcode", "pk": "4FYZBFSS1DSXUMD5", "fields": {"was_activated": false, "product": 10}}, {"model": "cosmetic_meow_api.productcode", "pk": "4HMX4SWEBBQ6BVEV", "fields": {"was_activated": false, "product": 3}}, {"model": "cosmetic_meow_api.productcode", "pk": "4UXFMTKDYZHK6WDO", "fields": {"was_activated": false, "product": 1}}, {"model": "cosmetic_meow_api.productcode", "pk": "4WLC7SC66KIZIFO2", "fields": {"was_activated": false, "product": 6}}, {"model": "cosmetic_meow_api.productcode", "pk": "52JCCXRA3FJIM9KI", "fields": {"was_activated": false, "product": 2}}, {"model": "cosmetic_meow_api.productcode", "pk": "5D36Q24EJUB9Y61J", "fields": {"was_activated": false, "product": 7}}, {"model": "cosmetic_meow_api.productcode", "pk": "5RKZ776NUN4CDZRU", "fields": {"was_activated": false, "product": 5}}, {"model": "cosmetic_meow_api.productcode", "pk": "5TYZ569X7C8V29CA", "fields": {"was_activated": false, "product": 7}}, {"model": "cosmetic_meow_api.productcode", "pk": "65T8TXFQSKF25T12", "fields": {"was_activated": false, "product": 1}}, {"model": "cosmetic_meow_api.productcode", "pk": "6D15EXTT32W3EVI2", "fields": {"was_activated": false, "product": 8}}, {"model": "cosmetic_meow_api.productcode", "pk": "6H3RFESQMHY0D88K", "fields": {"was_activated": false, "product": 1}}, {"model": "cosmetic_meow_api.productcode", "pk": "6K3C97ILN7J1GVBO", "fields": {"was_activated": false, "product": 9}}, {"model": "cosmetic_meow_api.productcode", "pk": "6MUOM6NEXBIT1SMO", "fields": {"was_activated": false, "product": 4}}, {"model": "cosmetic_meow_api.productcode", "pk": "7EAKNV9FQNGTZAPO", "fields": {"was_activated": false, "product": 7}}, {"model": "cosmetic_meow_api.productcode", "pk": "7MEVLRXF8KSNI8GP", "fields": {"was_activated": true, "product": 8}}, {"model": "cosmetic_meow_api.productcode", "pk": "800SKLF1C96TFUUK", "fields": {"was_activated": false, "product": 6}}, {"model": "cosmetic_meow_api.productcode", "pk": "88AWMJGFVJ07JFTD", "fields": {"was_activated": false, "product": 4}}, {"model": "cosmetic_meow_api.productcode", "pk": "8BREBKG7BVP8UTY7", "fields": {"was_activated": false, "product": 5}}, {"model": "cosmetic_meow_api.productcode", "pk": "9LILVYO4RR2TDQ64", "fields": {"was_activated": false, "product": 4}}, {"model": "cosmetic_meow_api.productcode", "pk": "9RZ17THISKKJHNQL", "fields": {"was_activated": false, "product": 4}}, {"model": "cosmetic_meow_api.productcode", "pk": "AFSWTGL72YFKLCO1", "fields": {"was_activated": false, "product": 2}}, {"model": "cosmetic_meow_api.productcode", "pk": "AI3LI7HXJX1IITYL", "fields": {"was_activated": false, "product": 3}}, {"model": "cosmetic_meow_api.productcode", "pk": "B7T1WV5IPJG8DWCU", "fields": {"was_activated": false, "product": 10}}, {"model": "cosmetic_meow_api.productcode", "pk": "B82J6YIA305GP5OF", "fields": {"was_activated": true, "product": 4}}, {"model": "cosmetic_meow_api.productcode", "pk": "BVQT4DGKV6UPGB48", "fields": {"was_activated": false, "product": 6}}, {"model": "cosmetic_meow_api.productcode", "pk": "C0JJ0M85HXC8QACR", "fields": {"was_activated": false, "product": 2}}, {"model": "cosmetic_meow_api.productcode", "pk": "C1D7BLVVPJJF3BEV", "fields": {"was_activated": false, "product": 10}}, {"model": "cosmetic_meow_api.productcode", "pk": "C3IEHCR98BWRDY7P", "fields": {"was_activated": false, "product": 8}}, {"model": "cosmetic_meow_api.productcode", "pk": "C7VXBS4PZHMS4QXA", "fields": {"was_activated": false, "product": 4}}, {"model": "cosmetic_meow_api.productcode", "pk": "C886K8FJC2L5BGED", "fields": {"was_activated": false, "product": 3}}, {"model": "cosmetic_meow_api.productcode", "pk": "CKPXN7608O81K05D", "fields": {"was_activated": false, "product": 9}}, {"model": "cosmetic_meow_api.productcode", "pk": "CNXGQIT42Q5YZ4ZR", "fields": {"was_activated": false, "product": 2}}, {"model": "cosmetic_meow_api.productcode", "pk": "DB0ZF90TEDM246WJ", "fields": {"was_activated": false, "product": 8}}, {"model": "cosmetic_meow_api.productcode", "pk": "DQVEJPDSJ38CXM22", "fields": {"was_activated": false, "product": 5}}, {"model": "cosmetic_meow_api.productcode", "pk": "E8DSAH2JEHGI9V9I", "fields": {"was_activated": false, "product": 9}}, {"model": "cosmetic_meow_api.productcode", "pk": "EISNHP1JKE9WGIHA", "fields": {"was_activated": false, "product": 1}}, {"model": "cosmetic_meow_api.productcode", "pk": "FFMCG30DS1N6VTKL", "fields": {"was_activated": false, "product": 10}}, {"model": "cosmetic_meow_api.productcode", "pk": "FIIBBKHGS9O2IKY2", "fields": {"was_activated": false, "product": 7}}, {"model": "cosmetic_meow_api.productcode", "pk": "FPBWT66EB1TVMRJ8", "fields": {"was_activated": false, "product": 10}}, {"model": "cosmetic_meow_api.productcode", "pk": "G40HS327HWRNR0DL", "fields": {"was_activated": false, "product": 8}}, {"model": "cosmetic_meow_api.productcode", "pk": "G8GH4TTRNMJAXLFF", "fields": {"was_activated": false, "product": 8}}, {"model": "cosmetic_meow_api.productcode", "pk": "GNRX58LRZ23B2S1B", "fields": {"was_activated": false, "product": 8}}, {"model": "cosmetic_meow_api.productcode", "pk": "GOM6YBLYPYO8CKAJ", "fields": {"was_activated": false, "product": 6}}, {"model": "cosmetic_meow_api.productcode", "pk": "GP3HWK58N4TB4PP6", "fields": {"was_activated": false, "product": 4}}, {"model": "cosmetic_meow_api.productcode", "pk": "H9XE9CIHCUMYOL2H", "fields": {"was_activated": false, "product": 4}}, {"model": "cosmetic_meow_api.productcode", "pk": "HHQYLYGB61QVZD6I", "fields": {"was_activated": false, "product": 6}}, {"model": "cosmetic_meow_api.productcode", "pk": "HX0LAPKAASYAGYP1", "fields": {"was_activated": false, "product": 3}}, {"model": "cosmetic_meow_api.productcode", "pk": "JFNZYN1KBTK5HO2V", "fields": {"was_activated": false, "product": 5}}, {"model": "cosmetic_meow_api.productcode", "pk": "JPRPWEXB3MEQD7FS", "fields": {"was_activated": false, "product": 7}}, {"model": "cosmetic_meow_api.productcode", "pk": "K3OE8XKTP6YV9GRF", "fields": {"was_activated": false, "product": 5}}, {"model": "cosmetic_meow_api.productcode", "pk": "K4YEA4RVOREQCF2V", "fields": {"was_activated": false, "product": 7}}, {"model": "cosmetic_meow_api.productcode", "pk": "KT0WU7XU2R238E92", "fields": {"was_activated": false, "product": 10}}, {"model": "cosmetic_meow_api.productcode", "pk": "L3CUP4CPYZQEV3CM", "fields": {"was_activated": false, "product": 4}}, {"model": "cosmetic_meow_api.productcode", "pk": "L47KYWBB2ATD0RMR", "fields": {"was_activated": false, "product": 1}}, {"model": "cosmetic_meow_api.productcode", "pk": "MAHUGSXDYHZXQ2LG", "fields": {"was_activated": false, "product": 6}}, {"model": "cosmetic_meow_api.productcode", "pk": "MBT1NFYUJ4BZ7GVA", "fields": {"was_activated": false, "product": 8}}, {"model": "cosmetic_meow_api.productcode", "pk": "MZ06L8ECE1YENYI1", "fields": {"was_activated": false, "product": 7}}, {"model": "cosmetic_meow_api.productcode", "pk": "N684YAY0YXJD2UVC", "fields": {"was_activated": false, "product": 5}}, {"model": "cosmetic_meow_api.productcode", "pk": "N6V48SYDY6A7F9CC", "fields": {"was_activated": false, "product": 7}}, {"model": "cosmetic_meow_api.productcode", "pk": "NG1DL7IEE5XE2T46", "fields": {"was_activated": false, "product": 3}}, {"model": "cosmetic_meow_api.productcode", "pk": "NPFTDXMXQK2B1U9S", "fields": {"was_activated": false, "product": 7}}, {"model": "cosmetic_meow_api.productcode", "pk": "OC3N0DUO0AIFLPS3", "fields": {"was_activated": false, "product": 1}}, {"model": "cosmetic_meow_api.productcode", "pk": "OU7UJMNA73ZQ3M98", "fields": {"was_activated": false, "product": 6}}, {"model": "cosmetic_meow_api.productcode", "pk": "OV19L3I0F6U10ZSK", "fields": {"was_activated": false, "product": 9}}, {"model": "cosmetic_meow_api.productcode", "pk": "P3XB0O5FBHOWW85K", "fields": {"was_activated": false, "product": 9}}, {"model": "cosmetic_meow_api.productcode", "pk": "PTT9PWGQVBPIPIK2", "fields": {"was_activated": false, "product": 4}}, {"model": "cosmetic_meow_api.productcode", "pk": "QFH3LVTDAQTWUAKQ", "fields": {"was_activated": false, "product": 2}}, {"model": "cosmetic_meow_api.productcode", "pk": "QLZDCFCHRESFW7J1", "fields": {"was_activated": false, "product": 2}}, {"model": "cosmetic_meow_api.productcode", "pk": "R82FQFJPP8DAPEN1", "fields": {"was_activated": false, "product": 6}}, {"model": "cosmetic_meow_api.productcode", "pk": "RAP6DQ206A04KHPQ", "fields": {"was_activated": false, "product": 5}}, {"model": "cosmetic_meow_api.productcode", "pk": "RPHZRDGODU0KWMTC", "fields": {"was_activated": false, "product": 10}}, {"model": "cosmetic_meow_api.productcode", "pk": "RPQ9R2I4D2XBI4MZ", "fields": {"was_activated": false, "product": 6}}, {"model": "cosmetic_meow_api.productcode", "pk": "S2UIG12WDQBPM654", "fields": {"was_activated": false, "product": 8}}, {"model": "cosmetic_meow_api.productcode", "pk": "S4L43JH0W0G1ORP8", "fields": {"was_activated": false, "product": 6}}, {"model": "cosmetic_meow_api.productcode", "pk": "T2DJI9O54DXPGP07", "fields": {"was_activated": false, "product": 1}}, {"model": "cosmetic_meow_api.productcode", "pk": "TA29T7P63QZ15WFK", "fields": {"was_activated": false, "product": 3}}, {"model": "cosmetic_meow_api.productcode", "pk": "TMNQXORJ1HHIPN6C", "fields": {"was_activated": false, "product": 2}}, {"model": "cosmetic_meow_api.productcode", "pk": "TMVVY6NYHP3LS8YJ", "fields": {"was_activated": false, "product": 6}}, {"model": "cosmetic_meow_api.productcode", "pk": "TUEUG0C5XAIBAV1T", "fields": {"was_activated": false, "product": 8}}, {"model": "cosmetic_meow_api.productcode", "pk": "V91JEW03XFSTG59Y", "fields": {"was_activated": false, "product": 1}}, {"model": "cosmetic_meow_api.productcode", "pk": "VC6T9XG8S4I8FXXJ", "fields": {"was_activated": false, "product": 1}}, {"model": "cosmetic_meow_api.productcode", "pk": "VL4SDV9KYZ2PKAJV", "fields": {"was_activated": false, "product": 10}}, {"model": "cosmetic_meow_api.productcode", "pk": "W3Q4PBLFFRV2K1W9", "fields": {"was_activated": false, "product": 7}}, {"model": "cosmetic_meow_api.productcode", "pk": "W5HILOG7MMSF0JQW", "fields": {"was_activated": false, "product": 10}}, {"model": "cosmetic_meow_api.productcode", "pk": "WU7WTVWE10XDCXRI", "fields": {"was_activated": false, "product": 2}}, {"model": "cosmetic_meow_api.productcode", "pk": "Y8EF1WXJWSYZIXU6", "fields": {"was_activated": false, "product": 8}}, {"model": "cosmetic_meow_api.productcode", "pk": "Y9GHAXYFEML2BNO7", "fields": {"was_activated": false, "product": 8}}, {"model": "cosmetic_meow_api.productcode", "pk": "YU0W5DE9CN2KRR7J", "fields": {"was_activated": false, "product": 4}}, {"model": "cosmetic_meow_api.productcode", "pk": "YW7N452NJWCR558D", "fields": {"was_activated": false, "product": 10}}, {"model": "cosmetic_meow_api.productcode", "pk": "Z6YGDT54N9RV80PS", "fields": {"was_activated": false, "product": 7}}, {"model": "cosmetic_meow_api.productcode", "pk": "ZEIIRC4P494IN9LT", "fields": {"was_activated": false, "product": 6}}, {"model": "cosmetic_meow_api.productcode", "pk": "ZF1BRA4VNYY8FVVU", "fields": {"was_activated": false, "product": 6}}, {"model": "cosmetic_meow_api.productcode", "pk": "ZMLALI585A1J552T", "fields": {"was_activated": false, "product": 4}}, {"model": "cosmetic_meow_api.productcode", "pk": "ZQNJIO4OYEJ39VMG", "fields": {"was_activated": false, "product": 1}}, {"model": "cosmetic_meow_api.feedback", "pk": 1, "fields": {"name": "regfd", "email": "fdgfdgdfg@gmail.com", "message": "asddasdas", "created_at": "2024-03-19T22:01:24.507Z", "type": "contract_request", "is_active": true}}, {"model": "cosmetic_meow_api.feedback", "pk": 2, "fields": {"name": "regfd", "email": "fdgfdgdfg@gmail.com", "message": "asddasdas", "created_at": "2024-03-19T22:01:24.778Z", "type": "contract_request", "is_active": true}}]